Workbook
Name SegmentaciónDeDatos_fecha__mes: #N/A
Name SegmentaciónDeDatos_Producto: #N/A
Name SegmentaciónDeDatos_Producto1: #N/A
Name SegmentaciónDeDatos_Producto2: #N/A
Name SegmentaciónDeDatos_Producto3: #N/A
Name SegmentaciónDeDatos_Producto4: #N/A
Name SegmentaciónDeDatos_Producto5: #N/A
Name SegmentaciónDeDatos_Producto6: #N/A
Name SegmentaciónDeDatos_Producto7: #N/A
Name SegmentaciónDeDatos_Region: #N/A
Name SegmentaciónDeDatos_Region1: #N/A
Name SegmentaciónDeDatos_Region2: #N/A
Name SegmentaciónDeDatos_Region3: #N/A

Sheet NOTAS
A1: NOTAS
J2: DIFERENCIAS
G3: PROMEDIO DIARIO SE CAPTURA MANUAL | J3: CASTILLOS
J5: PLAZA | K5: MA
J6: AGUASCALIENTES | K6: 480
A12: PLAZA | B12: FECHA | C12: VOL - CARO | D12: BASE - CARO | E12: BASE | F12: FILTROS
A13: aguascalientes | B13: 45717 | C13: 494 | D13: 404.55 | E13: 404.55 | F13: PRODUCTO: cemento gris ; PLAZA: aguascalientes ; VOL: marzo25
A14: leon | B14: 45658 | C14: 614 | D14: 568.8 | E14: 568.8 | F14: PRODUCTO: cemento gris ; PLAZA: leon ; VOL: ene25

Sheet PRODUCTOS
B10: Volumen | F10: Año
B11: Region | C11: Gerencia | D11: Plaza | E11: fecha (año) | F11: 2021 | G11: 2022 | H11: 2023 | I11: 2024 | J11: 2025 | K11: 2026
B12: CENTRO-SUR | F12: 239882.55 | G12: 216839.85 | H12: 237410.35 | I12: 255231.02 | J12: 244460.9 | K12: 84004.9
C13: ESTADO DE MEXICO | F13: 14053.32 | G13: 7457.33 | H13: 9171.26 | I13: 8203.3 | J13: 7912.175 | K13: 2895.6
C14: PENINSULA | F14: 37010.39 | G14: 38904.59 | H14: 44179.54 | I14: 47070.75 | J14: 39449.15 | K14: 11436.025
C15: SUR VER-TAB | F15: 22220.85 | G15: 16829.925 | H15: 19364.1 | I15: 17202.75 | J15: 16957.75 | K15: 5934.325
C16: METRO-HIDALGO | F16: 96155.415 | G16: 88256.82 | H16: 92566.81 | I16: 104649.57 | J16: 104703.98 | K16: 35334.05
C17: OAXACA - CHIAPAS | F17: 16488.15 | G17: 15401.03 | H17: 19372.75 | I17: 18227.596 | J17: 14847.775 | K17: 5721.85
C18: PUE-TLAX-MOR | F18: 53954.43 | G18: 49990.155 | H18: 52755.89 | I18: 59877.05 | J18: 60590.075 | K18: 22683.05
B19: NACIONAL | F19: 239882.55 | G19: 216839.85 | H19: 237410.35 | I19: 255231.02 | J19: 244460.9 | K19: 84004.9
B30: Volumen | C30: Año
B31: Mes | C31: 2025 | D31: 2026 | E31: Grand Total
B32: E | C32: 44476.403 | D32: 46049.6 | E32: 90526.003
B33: F | C33: 43886.149 | D33: 46368.031 | E33: 90254.18
B34: M | C34: 43418.272 | D34: 49228.129 | E34: 92646.401
B35: A | C35: 45787.505 | D35: 42082.16 | E35: 87869.665
B36: M | C36: 46828.061 | E36: 46828.061
B37: J | C37: 43426.615 | E37: 43426.615
B38: J | C38: 51183.415 | E38: 51183.415
B39: A | C39: 48386.689 | E39: 48386.689
B40: S | C40: 44862.885 | E40: 44862.885
B41: O | C41: 47688.359 | E41: 47688.359
B42: N | C42: 42581.327 | E42: 42581.327
B43: D | C43: 40777.252 | E43: 40777.252
B44: Grand Total | C44: 543302.93 | D44: 183727.92 | E44: 727030.85
B63: Volumen Base | C63: Column Labels
B64: Row Labels | C64: 2025 | D64: 2026 | E64: Grand Total
B65: E | C65: 9349.025 | D65: 8813.85 | E65: 18162.875
B66: F | C66: 8044.525 | D66: 9480.775 | E66: 17525.3
B67: M | C67: 8245.825 | D67: 8769.6 | E67: 17015.425
B68: A | C68: 8805.525 | D68: 7333.15 | E68: 16138.675
B69: M | C69: 8843.975 | E69: 8843.975
B70: J | C70: 7828.9 | E70: 7828.9
B71: J | C71: 9630.55 | E71: 9630.55
B72: A | C72: 9721.1 | E72: 9721.1
B73: S | C73: 8082.15 | E73: 8082.15
B74: O | C74: 9171.15 | E74: 9171.15
B75: N | C75: 8324.225 | E75: 8324.225
B76: D | C76: 7385.725 | E76: 7385.725
B77: Grand Total | C77: 103432.67 | D77: 34397.375 | E77: 137830.05

Sheet FACT
B2: fecha (año) | C2: 2025
B4: Producto | C4: Importe Jun'25 | D4: Importe May'25 | E4: Importe Abr'25
B5: Antihumedad | C5: 4425416.2 | D5: 5107018.3 | E5: 4130054.9
B6: Asfalto | C6: 568960 | E6: 0
B7: Blanco | C7: 3064804.3 | D7: 3282422 | E7: 3299447.4
B8: Gris | C8: 1.7330869e+08 | D8: 1.8871205e+08 | E8: 1.8206914e+08
B9: Mezclas Secas | C9: 1046331.7 | D9: 851322.78 | E9: 1282065.6
B10: Mortero | C10: 26407026 | D10: 30206206 | E10: 29468313
B11: Multiplast | C11: 5282464.8 | D11: 6093089.8 | E11: 5587018.9
B12: Grand Total | C12: 2.1410369e+08 | D12: 2.3425211e+08 | E12: 2.2583604e+08 | J12: MANUAL
J14: Producto | K14: % Conc. | L14: Importe Abr'26 | M14: Importe Mar'26 | N14: Importe Feb'26 | O14: Importe Ene'26 | P14: Importe Dic'25 | Q14: Importe Nov'25 | R14: Importe Oct'25 | S14: % | T14: Importe Sep'25 | U14: Importe Ago'25 | V14: Importe Jul'25 | W14: Importe Jun'25 | X14: Importe May'25 | Y14: Importe Abr'25
J15: Gris | K15: =+L15/$M$23 -> 0.70770373 | L15: 1.8491603e+08 | M15: 2.0635743e+08 | N15: 1.9756209e+08 | O15: 1.8772495e+08 | P15: 1.6552399e+08 | Q15: 1.7375759e+08 | R15: 1.9464781e+08 | S15: =+Q15/$R$23 -> 0.69692689 | T15: 1.8254247e+08 | U15: 197175178 | V15: 2.0900741e+08 | W15: 1.7330869e+08 | X15: 1.8871205e+08 | Y15: 1.8206914e+08
J16: Mortero | K16: =+L16/$M$23 -> 0.10582877 | L16: 27652018 | M16: 31613955 | N16: 34731901 | O16: 30581230 | P16: 25249973 | Q16: 28591293 | R16: 31754177 | S16: =+Q16/$R$23 -> 0.11467724 | T16: 28220883 | U16: 33786945 | V16: 32854188 | W16: 26407026 | X16: 30206206 | Y16: 29468313
J17: Multiplast | K17: =+L17/$M$23 -> 0.021905027 | L17: 5723568.3 | M17: 5437915 | N17: 4582437.2 | O17: 5467830.8 | P17: 5866902.5 | Q17: 5664189.3 | R17: 6153380 | S17: =+Q17/$R$23 -> 0.02271858 | T17: 6144669.3 | U17: 6518455 | V17: 6710999.3 | W17: 5282464.8 | X17: 6093089.8 | Y17: 5587018.9
J18: Antihumedad | K18: =+L18/$M$23 -> 0.026339405 | L18: 6882227.8 | M18: 6693640.9 | N18: 6043339.1 | O18: 4342744.7 | P18: 4278812.3 | Q18: 4554935.6 | R18: 5284183.5 | S18: =+Q18/$R$23 -> 0.018269459 | T18: 4630498.1 | U18: 4282387 | V18: 5509308.4 | W18: 4425416.2 | X18: 5107018.3 | Y18: 4130054.9
J19: Blanco | K19: =+L19/$M$23 -> 0.0097547312 | L19: 2548815.4 | M19: 4759470.3 | N19: 3666350.3 | O19: 2537019.4 | P19: 3438354.6 | Q19: 3373882.8 | R19: 2985786.5 | S19: =+Q19/$R$23 -> 0.013532356 | T19: 3848829.3 | U19: 3081180 | V19: 3223255 | W19: 3064804.3 | X19: 3282422 | Y19: 3299447.4
J20: Castillos | K20: =+L20/$M$23 -> 0.010328344 | L20: 2698694.8 | M20: 2475521.5 | N20: 1731015.2 | O20: 2325466.5 | P20: 2418879 | Q20: 4002278.5 | R20: 3017771.5 | S20: =+Q20/$R$23 -> 0.016052798 | T20: 3362112.3
J21: Asfalto | K21: =+L21/$M$23 -> 0.0057921566 | L21: 1513433.6 | M21: 2344115.2 | N21: 912612 | O21: 683890 | P21: 682752 | Q21: 2026664 | R21: 3880307.2 | S21: =+Q21/$R$23 -> 0.0081287766 | T21: 2344115.2 | U21: 773786 | V21: 193446.4 | W21: 568960 | Y21: 0
J22: Mezclas Secas | K22: =+L22/$M$23 -> 0.0056282493 | L22: 1470606.3 | M22: 1608122 | N22: 124119.08 | O22: 1876379.1 | P22: 1129370.2 | Q22: 1056975 | R22: 1596270.1 | S22: =+Q22/$R$23 -> 0.0042394366 | T22: 1475761.6 | U22: =1704059+233341 -> 1937400 | V22: 1871256.1 | W22: 1046331.7 | X22: 851322.78 | Y22: 1612656.2
J23: Grand Total | K23: =+L23/$N$23 -> 0.93604083 | L23: =SUM(L15:L22) -> 2.334054e+08 | M23: =SUM(M15:M22) -> 2.6129018e+08 | N23: =SUM(N15:N22) -> 2.4935386e+08 | O23: =SUM(O15:O22) -> 2.3553951e+08 | P23: =SUM(P15:P22) -> 2.0858903e+08 | Q23: =SUM(Q15:Q22) -> 2.2302781e+08 | R23: =SUM(R15:R22) -> 2.4931968e+08 | S23: =+Q23/$Q$23 -> 1 | T23: =SUM(T15:T22) -> 2.3256934e+08 | U23: =SUM(U15:U22) -> 247555331 | V23: =SUM(V15:V22) -> 2.5936986e+08 | W23: 2.1410369e+08 | X23: 2.3425211e+08 | Y23: 2.2616663e+08
AB25: Producto | AC25: Sep'25 | AD25: vs MA | AE25: % vs MA | AF25: vs MMAA | AG25: % vs MMAA | AH25: Acum'25 | AI25: % vs Acum'24 | AJ25: % vs Acum'23 | AK25: % vs Acum'22 | AL25: Conc. Acum'25
AB26: Gris Sacos | AC26: 44862.885 | AD26: -3523.804 | AE26: -0.072825896 | AF26: 1538.337 | AG26: 0.035507283 | AH26: 412255.99 | AI26: -0.0019112329 | AJ26: 0.047972848 | AK26: 0.066029138 | AL26: 0.073872278
AB27: Mortero | AC27: 8082.15 | AD27: -1638.95 | AE27: -0.16859718 | AF27: 885.675 | AG27: 0.12307067 | AH27: 78551.575 | AI27: 0.054215166 | AJ27: 0.036542436 | AK27: 0.066411751 | AL27: 0.073252035
AB28: Multiplast | AC28: 1339.66 | AD28: -104 | AE28: -0.072039123 | AF28: 122.26 | AG28: 0.10042714 | AH28: 12017.48 | AI28: 0.33316175 | AJ28: 0.22693827 | AK28: 0.20554063 | AL28: 0.086993797
AB29: Blanco | AC29: 475.975 | AD29: 83.65 | AE29: 0.21321608 | AF29: -36.1 | AG29: -0.070497486 | AH29: 3655.45 | AI29: -0.21729867 | AJ29: -0.25633462 | AK29: -0.14362589 | AL29: 0.050114526
AB30: Mezclas Secas | AC30: 511 | AD30: =+AC30-702 -> -191 | AE30: =(511/702)-1 -> -0.27207977 | AF30: =511-594 -> -83 | AG30: =(511/594)-1 -> -0.13973064 | AH30: 4770 | AI30: =(4770/4413)-1 -> 0.080897349 | AJ30: =(4770/1919)-1 -> 1.4856696 | AK30: =(4770/1283)-1 -> 2.7178488 | AL30: =511/(511+48) -> 0.91413238
AB31: 2 KG | AC31: 53.5 | AD31: 33.6 | AE31: 1.6884422 | AF31: 32.5 | AG31: 1.547619 | AH31: 275.9 | AI31: 0.14386401 | AJ31: -0.13410539 | AK31: 0.12437851 | AL31: 0.6487116

Sheet PROD REGION
B8: VOLUMEN NACIONAL | L8: Manual
B9: Producto | C9: Abr' | D9: vs MA | E9: % vs MA | F9: vs MMAA | G9: % vs MMAA | H9: Acum'26 | I9: % vs Acum'25 | J9: % vs Acum'24 | K9: % vs Acum'23 | L9: MMAA | M9: NOTA:
B10: Gris Sacos | C10: 42082.16 | D10: -7145.969 | E10: -0.14516028 | F10: 0 | G10: 0 | H10: 183727.92 | I10: 0.034688568 | J10: -0.0050721515 | K10: 0.087565655 | L10: 42082.16 | M10: tamaño de ancho 21 en las celdas
B11: 2 KG | C11: 46 | D11: 36.9 | E11: 4.0549451 | F11: 0 | G11: 0 | H11: 128.4 | I11: 0.2 | J11: -0.087809037 | K11: -0.10691929 | L11: 46
B12: Antihumedad | C12: 1382.6 | D12: -35.375 | E12: -0.024947548 | F12: 0 | G12: 0 | H12: 4977.6 | I12: 0.5737083 | L12: 1382.6
B13: Blanco | C13: 277.35 | D13: -310.2 | E13: -0.52795507 | F13: 0 | G13: 0 | H13: 1627.35 | I13: 0.018717331 | J13: -0.2982406 | K13: -0.18550433 | L13: 277.35
B14: Mortero | C14: 7333.15 | D14: -1436.45 | E14: -0.1637988 | F14: 0 | G14: 0 | H14: 34397.375 | I14: -0.0013797398 | J14: 0.035583342 | K14: 0.052524952 | L14: 7333.15
B15: Multiplast | C15: 1115.1 | D15: -80.95 | E15: -0.067681117 | F15: 0 | G15: 0 | H15: 4470.32 | I15: -0.1492656 | J15: 0.35206013 | K15: 0.093199464 | L15: 1115.1
B16: Mezclas Secas | C16: 486 | D16: -91.8 | E16: -0.1588785 | F16: 0 | G16: 0 | H16: 1830.6 | I16: -0.14465938 | J16: 0.27165775 | K16: 2.0666285 | L16: 486
B20: 106 px | C20: 76 px
B21: VOLUMEN REGIONAL | S21: Manual
B22: Región | C22: No. Tiendas | D22: Prom Acum Tienda | E22: Vol MA | F22: Vol MAct | G22: % vs MA | H22: % vs MMAA | I22: PD MA | J22: PD Mact | K22: % PD vs MA | L22: % PD vs MMAA | M22: Acum'25 | N22: Acum'26 | O22: Ac'26 vs '25 | P22: % '26 vs '25 | Q22: PD Acum'26 | R22: % PD '26 vs '25 | S22: Ratio AH/Gris Acum
B23: PACIFICO | C23: 39 | D23: 77.330128 | E23: 3271.85 | F23: 2600.825 | G23: -0.20509039 | H23: 0 | I23: 130.874 | J23: 108.36771 | K23: -0.17196916 | L23: 0 | M23: 12528.65 | N23: 12063.5 | O23: -465.15 | P23: -0.037126905 | Q23: 502.64583 | R23: -0.037126905 | S23: 0.26632705
B24: CENTRO-SUR | C24: 53 | D24: 72.049292 | E24: 3819.8 | F24: 3181.475 | G24: -0.16710953 | H24: 0 | I24: 152.792 | J24: 132.56146 | K24: -0.13240577 | L24: 0 | M24: 15114.9 | N24: 15274.45 | O24: 159.55 | P24: 0.010555809 | Q24: 636.43542 | R24: 0.010555809 | S24: 0.10526222
B25: NORTE - BAJIO | C25: 44 | D25: 39.962642 | E25: 1677.95 | F25: 1524.85 | G25: -0.09124229 | H25: 0 | I25: 67.118 | J25: 63.535417 | K25: -0.053377385 | L25: 0 | M25: 6801.35 | N25: 7033.425 | O25: 232.075 | P25: 0.034121902 | Q25: 293.05937 | R25: 0.034121902 | S25: 0.25159073
B26: NACIONAL | C26: 136 | D26: 63.182675 | E26: 8769.6 | F26: 7307.15 | G26: -0.16676359 | H26: 0 | I26: 350.784 | J26: 304.46458 | K26: -0.13204541 | L26: 0 | M26: 34444.9 | N26: 34371.375 | O26: -73.525 | P26: -0.0021345685 | Q26: 1432.1406 | R26: -0.0021345685 | S26: 0.10911278
B33: VOLUMEN REGIONAL
B43: Row Labels | C43: Acum'25 | D43: Acum'26
B44: CENTRO-SUR | C44: 11601 | D44: 8515
B45: NORTE - BAJIO | C45: 33562 | D45: 44890
B46: PACIFICO | C46: 29389 | D46: 13887
B47: Nacional | C47: 74552 | D47: 67292
B51: VOLUMEN NACIONAL
B53: Row Labels | C53: Acum'25 | D53: Acum'26
B54: (blank) | C54: 480
B55: CENTRO-SUR | C55: 11601 | D55: 8515
B56: NORTE - BAJIO | C56: 33562 | D56: 44890
B57: PACIFICO | C57: 29389 | D57: 13887
B58: Nacional | C58: 75032 | D58: 67292
B61: NOTA:
B62: copiar y pegar grafica de arriba como valor

Sheet CASTILLOS REGION
F2: Producto | G2: MAct | H2: MA | I2: % vs MA | J2: % vs MMAA | K2: Acum'26 | L2: Acum'25 | M2: Ac'26 vs '25 | N2: % '26 vs '25 | P2: 45 Pixeles, tamaño columna
F3: NORTE - BAJIO | G3: 9971 | H3: 10972 | I3: -0.091232227 | J3: 0 | K3: 44890 | L3: 33562 | M3: 11328 | N3: 0.33752458
F4: PACIFICO | G4: 6792 | H4: 2417 | I4: 1.8100952 | J4: 0 | K4: 13887 | L4: 29389 | M4: -15502 | N4: -0.52747627
F5: CENTRO-SUR | G5: 4359 | H5: 312 | I5: 12.971154 | J5: 0 | K5: 8515 | L5: 11601 | M5: -3086 | N5: -0.26601155
F6: (blank) | L6: 480 | M6: -480 | N6: -1
F7: NACIONAL | G7: 21122 | H7: 13701 | I7: 0.5416393 | J7: 0 | K7: 67292 | L7: 75032 | M7: -7740 | N7: -0.10315599
B12: NOTA: revisar la ultima fila de total en base de Marco

Sheet PROD PLAZA
B10: Gerencia | C10: Plaza | D10: No. Tiendas | E10: Prom Acum Tienda | F10: Ratio: vs Gris | G10: Vol MA | H10: Vol MAct | I10: % vs MA | J10: % vs MMAA | K10: Acum'26 | L10: Acum'25 | M10: Ac'26 vs '25 | N10: % '26 vs '25 | O10: Ratio: vs Gris Acum
B11: PENINSULA | C11: CAMPECHE | D11: 1 | E11: 4.525 | F11: 0.010649351 | G11: 12 | H11: 4.1 | I11: -0.65833333 | J11: 0 | K11: 18.1 | L11: 11.7 | M11: 6.4 | N11: 0.54700855 | O11: 0.0089792786
C12: CANCUN | D12: 2 | E12: 4.1125 | F12: 0.01741573 | G12: 14.2 | H12: 12.4 | I12: -0.12676056 | J12: 0 | K12: 32.9 | L12: 57.08 | M12: -24.18 | N12: -0.42361598 | O12: 0.01873933
C13: CD DEL CARMEN | D13: 1 | E13: 5.65 | F13: 0.024137931 | G13: 4 | H13: 4.2 | I13: 0.05 | J13: 0 | K13: 22.6 | L13: 12.9 | M13: 9.7 | N13: 0.75193798 | O13: 0.017385445
C14: CHETUMAL | D14: 1 | E14: 5.05 | F14: 0.021105528 | G14: 4 | H14: 4.2 | I14: 0.05 | J14: 0 | K14: 20.2 | L14: 8.58 | M14: 11.62 | N14: 1.3543124 | O14: 0.0072222222
C15: MERIDA | D15: 2 | E15: 6.45 | F15: 0.018447837 | G15: 18 | H15: 14.5 | I15: -0.19444444 | J15: 0 | K15: 51.6 | L15: 42.02 | M15: 9.58 | N15: 0.22798667 | O15: 0.010408719
C16: PLAYA DEL CARMEN | D16: 1 | E16: 2.9375 | F16: 0.023737374 | G16: 4.6 | H16: 7.05 | I16: 0.5326087 | J16: 0 | K16: 11.75 | L16: 0.5 | M16: 11.25 | N16: 22.5 | O16: 0.00044762757
B17: PENINSULA Total | D17: 8 | E17: 4.9109375 | F17: 0.018187157 | G17: 56.8 | H17: 46.45 | I17: -0.18221831 | J17: 0 | K17: 157.15 | L17: 132.78 | M17: 24.37 | N17: 0.18353668 | O17: 0.011610703
B18: SUR VER-TAB | C18: COATZACOALCOS | D18: 1 | E18: 31.15 | F18: 0.19310345 | G18: 4.2 | H18: 50.4 | I18: 11 | J18: 0 | K18: 124.6 | L18: 25.88 | M18: 98.72 | N18: 3.8145286 | O18: 0.022582897
C19: CORDOBA | D19: 1 | E19: 15.5 | F19: 0.065420561 | G19: 12 | H19: 14 | I19: 0.16666667 | J19: 0 | K19: 62 | L19: 68.4 | M19: -6.4 | N19: -0.093567251 | O19: 0.094736842
C20: VERACRUZ | D20: 1 | E20: 9.025 | F20: 0.011614731 | G20: 14 | H20: 4.1 | I20: -0.70714286 | J20: 0 | K20: 36.1 | L20: 48.1 | M20: -12 | N20: -0.24948025 | O20: 0.029875776
C21: VILLAHERMOSA | D21: 1 | E21: 6.0875 | F21: 0.033166667 | G21: 5 | H21: 9.95 | I21: 0.99 | J21: 0 | K21: 24.35 | L21: 36.06 | M21: -11.71 | N21: -0.32473655 | O21: 0.036946721
C22: XALAPA | D22: 1 | E22: 4.55 | F22: 0 | G22: 12 | H22: 0 | I22: -1 | J22: 0 | K22: 18.2 | L22: 21.3 | M22: -3.1 | N22: -0.14553991 | O22: 0.014411367
B23: SUR VER-TAB Total | D23: 5 | E23: 13.2625 | F23: 0.069424779 | G23: 47.2 | H23: 78.45 | I23: 0.66207627 | J23: 0 | K23: 265.25 | L23: 199.74 | M23: 65.51 | N23: 0.32797637 | O23: 0.033660263
B24: ESTADO DE MEXICO | C24: METEPEC & TOLUCA | D24: 2 | E24: 8.45 | F24: 0.026160338 | G24: 19 | H24: 18.6 | I24: -0.021052632 | J24: 0 | K24: 67.6 | L24: 72.58 | M24: -4.98 | N24: -0.068613943 | O24: 0.025070812
B25: ESTADO DE MEXICO Total | D25: 2 | E25: 8.45 | F25: 0.026160338 | G25: 19 | H25: 18.6 | I25: -0.021052632 | J25: 0 | K25: 67.6 | L25: 72.58 | M25: -4.98 | N25: -0.068613943 | O25: 0.025070812
B26: METRO-HIDALGO | C26: DF | D26: 25 | E26: 8.2549 | F26: 0.026207647 | G26: 234.475 | H26: 192.6 | I26: -0.17859047 | J26: 0 | K26: 825.49 | L26: 1037.56 | M26: -212.07 | N26: -0.204393 | O26: 0.032170408
C27: PACHUCA | D27: 1 | E27: 6.025 | F27: 0.013300493 | G27: 4 | H27: 8.1 | I27: 1.025 | J27: 0 | K27: 24.1 | L27: 28.3 | M27: -4.2 | N27: -0.14840989 | O27: 0.0091853294
B28: METRO-HIDALGO Total | D28: 26 | E28: 8.1691346 | F28: 0.025219904 | G28: 238.475 | H28: 200.7 | I28: -0.15840235 | J28: 0 | K28: 849.59 | L28: 1065.86 | M28: -216.27 | N28: -0.20290657 | O28: 0.03016528
B29: OAXACA - CHIAPAS | C29: OAXACA | D29: 1 | E29: 19.6 | F29: 0.029595588 | G29: 14 | H29: 16.1 | I29: 0.15 | J29: 0 | K29: 78.4 | L29: 169.3 | M29: -90.9 | N29: -0.53691672 | O29: 0.11123522
C30: TAPACHULA | D30: 1 | E30: 17.5075 | F30: 0.062837838 | G30: 12 | H30: 13.95 | I30: 0.1625 | J30: 0 | K30: 70.03 | L30: 130.8 | M30: -60.77 | N30: -0.46460245 | O30: 0.1244529
C31: TUXTLA | D31: 1 | E31: 30.55 | F31: 0.02413273 | G31: 24 | H31: 16 | I31: -0.33333333 | J31: 0 | K31: 122.2 | L31: 222.22 | M31: -100.02 | N31: -0.4500945 | O31: 0.070590851
B32: OAXACA - CHIAPAS Total | D32: 3 | E32: 22.5525 | F32: 0.032202797 | G32: 50 | H32: 46.05 | I32: -0.079 | J32: 0 | K32: 270.63 | L32: 522.32 | M32: -251.69 | N32: -0.48186935 | O32: 0.091298724
B33: PUE-TLAX-MOR | C33: CUAUTLA | D33: 1 | E33: 9.05 | F33: 0.017134831 | G33: 12 | H33: 12.2 | I33: 0.016666667 | J33: 0 | K33: 36.2 | L33: 62 | M33: -25.8 | N33: -0.41612903 | O33: 0.01711289
C34: CUERNAVACA | D34: 2 | E34: 13.159375 | F34: 0.034222661 | G34: 28 | H34: 25.975 | I34: -0.072321429 | J34: 0 | K34: 105.275 | L34: 182.66 | M34: -77.385 | N34: -0.42365597 | O34: 0.05955657
C35: PUEBLA | D35: 4 | E35: 8.455625 | F35: 0.020391325 | G35: 27 | H35: 43.25 | I35: 0.60185185 | J35: 0 | K35: 135.29 | L35: 169.04 | M35: -33.75 | N35: -0.19965689 | O35: 0.017711651
C36: TEHUACAN | D36: 1 | E36: 15.8 | F36: 0.026737968 | G36: 20 | H36: 10 | I36: -0.5 | J36: 0 | K36: 63.2 | L36: 78.2 | M36: -15 | N36: -0.19181586 | O36: 0.029598789
C37: TLAXCALA | D37: 1 | E37: 10.55 | F37: 0.018547141 | G37: 0 | H37: 12 | I37: 0 | J37: 0 | K37: 42.2 | L37: 43.26 | M37: -1.06 | N37: -0.024503005 | O37: 0.011369251
B38: PUE-TLAX-MOR Total | D38: 9 | E38: 10.615694 | F38: 0.022410618 | G38: 87 | H38: 103.425 | I38: 0.1887931 | J38: 0 | K38: 382.165 | L38: 535.16 | M38: -152.995 | N38: -0.28588646 | O38: 0.023592999
B39: TOTAL | D39: 53 | E39: 9.3980425 | F39: 0.026828705 | G39: 498.475 | H39: 493.675 | I39: -0.0096293696 | J39: 0 | K39: 1992.385 | L39: 2528.44 | M39: -536.055 | N39: -0.21201017 | O39: 0.030099043

Sheet CASTILLOS PLAZA
B9: Gerencia | C9: Plaza | D9: Vol. MA | E9: Vol. MAct | F9: % vs MA | G9: MMAA | H9: % vs MMAA | I9: Acum'26 | J9: Acum'25 | K9: Ac'26 vs '25 | L9: % '26 vs '25
B10: COAHUILA-DURANGO | D10: 19.75 | E10: 7.15 | F10: -0.63797468 | G10: 7.15 | H10: 0 | I10: 51.85 | J10: 38.05 | K10: 13.8 | L10: 0.36268068
C11: DURANGO | D11: 0 | E11: 4.5 | F11: 0 | G11: 4.5 | H11: 0 | I11: 6.75 | J11: 2.45 | K11: 4.3 | L11: 1.755102
C12: MONCLOVA | D12: 6.75 | E12: 0 | F12: -1 | G12: 0 | H12: 0 | I12: 15.95 | J12: 9.1 | K12: 6.85 | L12: 0.75274725
C13: PIEDRAS NEGRAS | D13: 4.5 | E13: 0.1 | F13: -0.97777778 | G13: 0.1 | H13: 0 | I13: 9.1 | J13: 13.35 | K13: -4.25 | L13: -0.31835206
C14: SALTILLO | D14: 4.5 | E14: 2.55 | F14: -0.43333333 | G14: 2.55 | H14: 0 | I14: 11.85 | J14: 2.4 | K14: 9.45 | L14: 3.9375
C15: TORREON | D15: 4 | E15: 0 | F15: -1 | G15: 0 | H15: 0 | I15: 8.2 | J15: 10.75 | K15: -2.55 | L15: -0.2372093
B16: ESTADO DE MEXICO | D16: 4.5 | E16: 4.5 | F16: 0 | G16: 4.5 | H16: 0 | I16: 19.6 | J16: 9.2 | K16: 10.4 | L16: 1.1304348
C17: METEPEC & TOLUCA | D17: 4.5 | E17: 4.5 | F17: 0 | G17: 4.5 | H17: 0 | I17: 19.6 | J17: 9.2 | K17: 10.4 | L17: 1.1304348
B18: GTO-QRO | D18: 18.45 | E18: 34.7 | F18: 0.88075881 | G18: 34.7 | H18: 0 | I18: 116.9 | J18: 171.925 | K18: -55.025 | L18: -0.32005235
C19: CELAYA | D19: 12 | E19: 0 | F19: -1 | G19: 0 | H19: 0 | I19: 14.1 | J19: 4.6 | K19: 9.5 | L19: 2.0652174
C20: IRAPUATO | D20: 0 | E20: 2.25 | F20: 0 | G20: 2.25 | H20: 0 | I20: 2.45 | J20: 4.5 | K20: -2.05 | L20: -0.45555556
C21: LEON | D21: 2.25 | E21: 18.2 | F21: 7.0888889 | G21: 18.2 | H21: 0 | I21: 59.2 | J21: 117.35 | K21: -58.15 | L21: -0.4955262
C22: QUERETARO | D22: 4.2 | E22: 12 | F22: 1.8571429 | G22: 12 | H22: 0 | I22: 34.7 | J22: 43.375 | K22: -8.675 | L22: -0.2
C23: SALAMANCA | D23: 0 | E23: 2.25 | F23: 0 | G23: 2.25 | H23: 0 | I23: 2.45 | J23: 0.1 | K23: 2.35 | L23: 23.5
C24: SAN JUAN | D24: 0 | E24: 0 | F24: 0 | G24: 0 | H24: 0 | I24: 4 | J24: 2 | K24: 2 | L24: 1
B25: GUERRERO | D25: 26.5 | E25: 28.5 | F25: 0.075471698 | G25: 28.5 | H25: 0 | I25: 103.975 | J25: 138.6 | K25: -34.625 | L25: -0.24981962
C26: ACAPULCO | D26: 26.5 | E26: 28.5 | F26: 0.075471698 | G26: 28.5 | H26: 0 | I26: 103.975 | J26: 138.6 | K26: -34.625 | L26: -0.24981962
B27: JALISCO - COLIMA | D27: 65.3 | E27: 12 | F27: -0.81623277 | G27: 12 | H27: 0 | I27: 147.325 | J27: 83.9 | K27: 63.425 | L27: 0.75595948
C28: COLIMA | D28: 8 | E28: 0 | F28: -1 | G28: 0 | H28: 0 | I28: 8.2 | J28: 2.2 | K28: 6 | L28: 2.7272727
C29: GUADALAJARA | D29: 26.1 | E29: 7 | F29: -0.73180077 | G29: 7 | H29: 0 | I29: 58.6 | J29: 57.3 | K29: 1.3 | L29: 0.022687609
C30: MANZANILLO | D30: 6 | E30: 0 | F30: -1 | G30: 0 | H30: 0 | I30: 10 | J30: 6.3 | K30: 3.7 | L30: 0.58730159
C31: PUERTO VALLARTA | D31: 25.2 | E31: 5 | F31: -0.8015873 | G31: 5 | H31: 0 | I31: 70.525 | J31: 18.1 | K31: 52.425 | L31: 2.8964088
B32: LAS CALIFORNIAS | D32: 47.4 | E32: 30.3 | F32: -0.36075949 | G32: 30.3 | H32: 0 | I32: 139.6 | J32: 171 | K32: -31.4 | L32: -0.18362573
C33: CABOS | D33: 10.1 | E33: 8 | F33: -0.20792079 | G33: 8 | H33: 0 | I33: 30.4 | J33: 78 | K33: -47.6 | L33: -0.61025641
C34: ENSENADA | D34: 6 | E34: 0 | F34: -1 | G34: 0 | H34: 0 | I34: 10.1 | J34: 8.2 | K34: 1.9 | L34: 0.23170732
C35: LA PAZ | D35: 4.1 | E35: 8 | F35: 0.95121951 | G35: 8 | H35: 0 | I35: 32.2 | J35: 32.2 | K35: 0 | L35: 0
C36: MEXICALI | D36: 12 | E36: 2.1 | F36: -0.825 | G36: 2.1 | H36: 0 | I36: 24.2 | J36: 24.5 | K36: -0.3 | L36: -0.012244898
C37: ROSARITO | D37: 0 | E37: 4 | F37: 0 | G37: 4 | H37: 0 | I37: 6 | J37: 4.2 | K37: 1.8 | L37: 0.42857143
C38: TIJUANA | D38: 15.2 | E38: 8.2 | F38: -0.46052632 | G38: 8.2 | H38: 0 | I38: 36.7 | J38: 23.9 | K38: 12.8 | L38: 0.53556485
B39: METRO-HIDALGO | D39: 106.375 | E39: 26 | F39: -0.75558167 | G39: 26 | H39: 0 | I39: 262.375 | J39: 184.7 | K39: 77.675 | L39: 0.42054683
C40: DF | D40: 102.375 | E40: 25.8 | F40: -0.74798535 | G40: 25.8 | H40: 0 | I40: 254.175 | J40: 182.5 | K40: 71.675 | L40: 0.39273973
C41: PACHUCA | D41: 4 | E41: 0.2 | F41: -0.95 | G41: 0.2 | H41: 0 | I41: 8.2 | J41: 2.2 | K41: 6 | L41: 2.7272727
B42: MICHOACAN | D42: 21.5 | E42: 4.5 | F42: -0.79069767 | G42: 4.5 | H42: 0 | I42: 30.35 | J42: 9.35 | K42: 21 | L42: 2.2459893
C43: MORELIA | D43: 13.5 | E43: 4.5 | F43: -0.66666667 | G43: 4.5 | H43: 0 | I43: 20.35 | J43: 7.15 | K43: 13.2 | L43: 1.8461538
C44: URUAPAN | D44: 4 | E44: 0 | F44: -1 | G44: 0 | H44: 0 | I44: 6 | J44: 0.1 | K44: 5.9 | L44: 59
C45: ZAMORA | D45: 4 | E45: 0 | F45: -1 | G45: 0 | H45: 0 | I45: 4 | J45: 2.1 | K45: 1.9 | L45: 0.9047619
B46: NUEVO LEON | D46: 42.3 | E46: 14 | F46: -0.66903073 | G46: 14 | H46: 0 | I46: 179 | J46: 74.9 | K46: 104.1 | L46: 1.3898531
C47: MTY | D47: 42.3 | E47: 14 | F47: -0.66903073 | G47: 14 | H47: 0 | I47: 179 | J47: 74.9 | K47: 104.1 | L47: 1.3898531
B48: OAXACA - CHIAPAS | D48: 13.95 | E48: 8.5 | F48: -0.390681 | G48: 8.5 | H48: 0 | I48: 30.5 | J48: 28.375 | K48: 2.125 | L48: 0.074889868
C49: OAXACA | D49: 0 | E49: 4.2 | F49: 0 | G49: 4.2 | H49: 0 | I49: 6.3 | J49: 6.1 | K49: 0.2 | L49: 0.032786885
C50: TAPACHULA | D50: 11.95 | E50: 0.3 | F50: -0.9748954 | G50: 0.3 | H50: 0 | I50: 14.2 | J50: 9.775 | K50: 4.425 | L50: 0.45268542
C51: TUXTLA | D51: 2 | E51: 4 | F51: 1 | G51: 4 | H51: 0 | I51: 10 | J51: 12.5 | K51: -2.5 | L51: -0.2
B52: PENINSULA | D52: 55.825 | E52: 57.2 | F52: 0.024630542 | G52: 57.2 | H52: 0 | I52: 165.3 | J52: 351.275 | K52: -185.975 | L52: -0.52942851
C53: CAMPECHE | D53: 4 | E53: 4.7 | F53: 0.175 | G53: 4.7 | H53: 0 | I53: 15 | J53: 20.875 | K53: -5.875 | L53: -0.28143713
C54: CANCUN | D54: 28.825 | E54: 35.1 | F54: 0.21769297 | G54: 35.1 | H54: 0 | I54: 66.325 | J54: 141.35 | K54: -75.025 | L54: -0.53077467
C55: CD DEL CARMEN | D55: 2 | E55: 0.2 | F55: -0.9 | G55: 0.2 | H55: 0 | I55: 7.1 | J55: 7.2 | K55: -0.1 | L55: -0.013888889
C56: CHETUMAL | D56: 8 | E56: 2.2 | F56: -0.725 | G56: 2.2 | H56: 0 | I56: 22.575 | J56: 24.575 | K56: -2 | L56: -0.08138352
C57: MERIDA | D57: 4 | E57: 10.5 | F57: 1.625 | G57: 10.5 | H57: 0 | I57: 31.4 | J57: 113.9 | K57: -82.5 | L57: -0.72431958
C58: PLAYA DEL CARMEN | D58: 9 | E58: 4.5 | F58: -0.5 | G58: 4.5 | H58: 0 | I58: 22.9 | J58: 43.375 | K58: -20.475 | L58: -0.47204611
B59: PUE-TLAX-MOR | D59: 32 | E59: 23.9 | F59: -0.253125 | G59: 23.9 | H59: 0 | I59: 105.875 | J59: 123.925 | K59: -18.05 | L59: -0.14565261
C60: CUAUTLA | D60: 4 | E60: 0.2 | F60: -0.95 | G60: 0.2 | H60: 0 | I60: 16.175 | J60: 4.2 | K60: 11.975 | L60: 2.8511905
C61: CUERNAVACA | D61: 10 | E61: 14.5 | F61: 0.45 | G61: 14.5 | H61: 0 | I61: 34.9 | J61: 44.275 | K61: -9.375 | L61: -0.21174478
C62: PUEBLA | D62: 18 | E62: 5.2 | F62: -0.71111111 | G62: 5.2 | H62: 0 | I62: 46.7 | J62: 71.05 | K62: -24.35 | L62: -0.3427164
C63: TEHUACAN | D63: 0 | E63: 0 | F63: 0 | G63: 0 | H63: 0 | I63: 2 | J63: 2.1 | K63: -0.1 | L63: -0.047619048
C64: TLAXCALA | D64: 0 | E64: 4 | F64: 0 | G64: 4 | H64: 0 | I64: 6.1 | J64: 2.3 | K64: 3.8 | L64: 1.6521739
B65: SLP-ZAC-AGS | D65: 25.75 | E65: 4.7 | F65: -0.81747573 | G65: 4.7 | H65: 0 | I65: 46.6 | J65: 21.45 | K65: 25.15 | L65: 1.1724942
C66: AGUASCALIENTES | D66: 10 | E66: 0 | F66: -1 | G66: 0 | H66: 0 | I66: 14.7 | J66: 5.4 | K66: 9.3 | L66: 1.7222222
C67: SAN LUIS | D67: 6.75 | E67: 4.5 | F67: -0.33333333 | G67: 4.5 | H67: 0 | I67: 22.6 | J67: 13.7 | K67: 8.9 | L67: 0.64963504
C68: ZACATECAS | D68: 9 | E68: 0.2 | F68: -0.97777778 | G68: 0.2 | H68: 0 | I68: 9.3 | J68: 2.35 | K68: 6.95 | L68: 2.9574468
B69: SONORA - SINALOA - NAYARIT | D69: 66 | E69: 0.9 | F69: -0.98636364 | G69: 0.9 | H69: 0 | I69: 104.6 | J69: 74.3 | K69: 30.3 | L69: 0.40780619
C70: CULIACAN | D70: 12 | E70: 0.4 | F70: -0.96666667 | G70: 0.4 | H70: 0 | I70: 29.1 | J70: 36.7 | K70: -7.6 | L70: -0.20708447
C71: GUASAVE | D71: 0 | E71: 0 | F71: 0 | G71: 0 | H71: 0 | I71: 0.1 | J71: 2.2 | K71: -2.1 | L71: -0.95454545
C72: GUAYMAS | D72: 4 | E72: 0.1 | F72: -0.975 | G72: 0.1 | H72: 0 | I72: 8.1 | J72: 4 | K72: 4.1 | L72: 1.025
C73: HERMOSILLO | D73: 8 | E73: 0 | F73: -1 | G73: 0 | H73: 0 | I73: 12.1 | J73: 6.5 | K73: 5.6 | L73: 0.86153846
C74: MAZATLAN | D74: 28 | E74: 0 | F74: -1 | G74: 0 | H74: 0 | I74: 36.6 | J74: 8.2 | K74: 28.4 | L74: 3.4634146
C75: MOCHIS | D75: 0 | E75: 0.1 | F75: 0 | G75: 0.1 | H75: 0 | I75: 4.3 | J75: 4.1 | K75: 0.2 | L75: 0.048780488
C76: NOGALES | D76: 6 | E76: 0 | F76: -1 | G76: 0 | H76: 0 | I76: 6 | J76: 2.3 | K76: 3.7 | L76: 1.6086957
C77: OBREGON | D77: 4 | E77: 0.3 | F77: -0.925 | G77: 0.3 | H77: 0 | I77: 4.3 | J77: 2.3 | K77: 2 | L77: 0.86956522
C78: TEPIC | D78: 4 | E78: 0 | F78: -1 | G78: 0 | H78: 0 | I78: 4 | J78: 8 | K78: -4 | L78: -0.5
B79: SUR VER-TAB | D79: 22.5 | E79: 10.1 | F79: -0.55111111 | G79: 10.1 | H79: 0 | I79: 61.25 | J79: 45.1 | K79: 16.15 | L79: 0.35809313
C80: COATZACOALCOS | D80: 6.1 | E80: 4.1 | F80: -0.32786885 | G80: 4.1 | H80: 0 | I80: 15.85 | J80: 10.1 | K80: 5.75 | L80: 0.56930693
C81: CORDOBA | D81: 4.4 | E81: 0 | F81: -1 | G81: 0 | H81: 0 | I81: 8.4 | J81: 14.3 | K81: -5.9 | L81: -0.41258741
C82: VERACRUZ | D82: 0 | E82: 4 | F82: 0 | G82: 4 | H82: 0 | I82: 10.4 | J82: 8.2 | K82: 2.2 | L82: 0.26829268
C83: VILLAHERMOSA | D83: 4 | E83: 2 | F83: -0.5 | G83: 2 | H83: 0 | I83: 9.8 | J83: 6.3 | K83: 3.5 | L83: 0.55555556
C84: XALAPA | D84: 8 | E84: 0 | F84: -1 | G84: 0 | H84: 0 | I84: 16.8 | J84: 6.2 | K84: 10.6 | L84: 1.7096774
B85: TAMPS - VER NTE | D85: 19.45 | E85: 5.7 | F85: -0.70694087 | G85: 5.7 | H85: 0 | I85: 57.55 | J85: 71.4 | K85: -13.85 | L85: -0.19397759
C86: MATAMOROS | D86: 4.5 | E86: 0 | F86: -1 | G86: 0 | H86: 0 | I86: 6.75 | J86: 11.25 | K86: -4.5 | L86: -0.4
C87: N LAREDO | D87: 0 | E87: 0 | F87: 0 | G87: 0 | H87: 0 | I87: 2.4 | J87: 15.5 | K87: -13.1 | L87: -0.84516129
C88: POZA RICA | D88: 0 | E88: 0 | F88: 0 | G88: 0 | H88: 0 | I88: 6.1 | J88: 4.4 | K88: 1.7 | L88: 0.38636364
C89: REYNOSA | D89: 0 | E89: 4.6 | F89: 0 | G89: 4.6 | H89: 0 | I89: 9.5 | J89: 7.05 | K89: 2.45 | L89: 0.34751773
C90: TAMPICO | D90: 8.2 | E90: 0.8 | F90: -0.90243902 | G90: 0.8 | H90: 0 | I90: 23.5 | J90: 26.4 | K90: -2.9 | L90: -0.10984848
C91: VICTORIA | D91: 6.75 | E91: 0.3 | F91: -0.95555556 | G91: 0.3 | H91: 0 | I91: 9.3 | J91: 6.8 | K91: 2.5 | L91: 0.36764706
B92: (blank) | D92: 0 | E92: 4.7 | F92: 0 | G92: 4.7 | H92: 0 | I92: 4.7 | J92: 0 | K92: 4.7 | L92: 0
C93: (blank) | D93: 0 | E93: 4.7 | F93: 0 | G93: 4.7 | H93: 0 | I93: 4.7 | J93: 0 | K93: 4.7 | L93: 0
B94: TOTAL | D94: 587.55 | E94: 277.35 | F94: -0.52795507 | G94: 277.35 | H94: 0 | I94: 1627.35 | J94: 1597.45 | K94: 29.9 | L94: 0.018717331

Sheet CEMEX GO Nuevo
B2: Región | C2: Dic'21 | D2: Ene'22 | E2: Feb'22 | F2: Mar'22 | G2: Abr'22 | H2: May'22 | I2: Jun'22 | J2: Jul'22 | K2: Ago'22 | L2: Sep'22 | M2: Oct'22 | N2: Nov'22 | O2: Dic'22 | P2: Ene'23 | Q2: Feb'23 | R2: Mar'23 | S2: Abr'23 | T2: May'23 | U2: Jun'23 | V2: Jul'23 | W2: Ago'23 | X2: Sep'23 | Y2: Oct'23 | Z2: Nov'23 | AA2: Dic'23 | AB2: Ene'24 | AC2: Feb'24 | AD2: Mar'24 | AE2: Abr'24 | AF2: May'24 | AG2: Jun'24 | AH2: Jul'24 | AI2: Ago'24 | AJ2: Sep'24 | AK2: Oct'24 | AL2: Nov'24 | AM2: Dic'24 | AN2: Ene'25 | AO2: Feb'25 | AP2: Mar'25 | AQ2: Abr'25 | AR2: May'25 | AS2: Jun'25 | AT2: Jul'25 | AU2: Ago'25 | AV2: Sep'25 | AW2: Oct'25 | AX2: Nov'25 | AY2: Dic'25 | AZ2: Ene'26 | BA2: Feb'26 | BB2: Mar'26 | BC2: Abr'26 | BF2: %
B3: Norte-Bajío | BB3: 0.659 | BE3: % Vs MA | BF3: =(BC3-BB3) -> -0.659
B4: Pacífico | BB4: 0.566 | BE4: % Vs MA | BF4: =BC4-BB4 -> -0.566
B5: Centro-Sur | BB5: 0.44 | BE5: % Vs MA | BF5: =(BC5-BB5) -> -0.44
BF7: %
C8: Dic'21 | D8: Ene'22 | E8: Feb'22 | F8: Mar'22 | G8: Abr'22 | H8: May'22 | I8: Jun'22 | J8: Jul'22 | K8: Ago'22 | L8: Sep'22 | M8: Oct'22 | N8: Nov'22 | O8: Dic'22 | P8: Ene'23 | Q8: Feb'23 | R8: Mar'23 | S8: Abr'23 | T8: May'23 | U8: Jun'23 | V8: Jul'23 | W8: Ago'23 | X8: Sep'23 | Y8: Oct'23 | Z8: Nov'23 | AA8: Dic'23 | AB8: Ene'24 | AC8: Feb'24 | AD8: Mar'24 | AE8: Abr'24 | AF8: May'24 | AG8: Jun'24 | AH8: Jul'24 | AI8: Ago'24 | AJ8: Sep'24 | AK8: Oct'24 | AL8: Nov'24 | AM8: Dic'24 | AN8: Ene'25 | AO8: Feb'25 | AP8: Mar'25 | AQ8: Abr'25 | AR8: May'25 | AS8: Jun'25 | AT8: Jul'25 | AU8: Ago'25 | AV8: Sep'25 | AW8: Oct'25 | AX8: Nov'25 | AY8: Dic'25 | AZ8: Ene'26 | BA8: Feb'26 | BB8: Mar'26 | BC8: Abr'26 | BE8: % MAct
B9: Nacional | C9: 0.3 | D9: 0.33 | E9: 0.4 | F9: 0.4 | G9: 0.4 | H9: 0.39 | I9: 0.42 | J9: 0.44 | K9: 0.45 | L9: 0.52 | M9: 0.5 | N9: 0.49 | O9: 0.49 | P9: 0.51 | Q9: 0.47 | R9: 0.53 | S9: 0.5 | T9: 0.52 | U9: 0.55 | V9: 0.51 | W9: 0.52 | X9: 0.52 | Y9: 0.52 | Z9: 0.54 | AA9: 0.54 | AB9: 0.53 | AC9: 0.56 | AD9: 0.58 | AE9: 0.64 | AF9: 0.63 | AG9: 0.61 | AH9: 0.65 | AI9: 0.64 | AJ9: 0.64 | AK9: 0.64 | AL9: 0.68 | AM9: 0.69 | AN9: 0.7 | AO9: 0.68 | AP9: 0.68 | AQ9: 0.66 | AR9: 0.68 | AS9: 0.7 | AT9: 0.63 | AU9: 0.59 | AV9: 0.61 | AW9: 0.58 | AX9: 0.562 | AY9: 0.553 | AZ9: 0.541 | BA9: 0.518 | BB9: 0.528 | BE9: % Vs MA | BF9: =(BC9-BB9) -> -0.528
BE10: % Vs Dic'21 | BF10: =(BC9-C9) -> -0.3

Sheet CEMEX GO
B2: Región | C2: Dic'21 | D2: Ene'22 | E2: Feb'22 | F2: Mar'22 | G2: Abr'22 | H2: May'22 | I2: Jun'22 | J2: Jul'22 | K2: Ago'22 | L2: Sep'22 | M2: Oct'22 | N2: Nov'22 | O2: Dic'22 | P2: Ene'23 | Q2: Feb'23 | R2: Mar'23 | S2: Abr'23 | T2: May'23 | U2: Jun'23 | V2: Jul'23 | W2: Ago'23 | X2: Sep'23 | Y2: Oct'23 | Z2: Nov'23 | AA2: Dic'23 | AB2: Ene'24 | AC2: Feb'24 | AD2: Mar'24 | AE2: Abr'24 | AF2: May'24 | AG2: Jun'24 | AH2: Jul'24 | AI2: Ago'24 | AJ2: Sep'24 | AK2: Oct'24 | AL2: Nov'24 | AM2: Dic'24 | AN2: Ene'25 | AO2: Feb'25 | AP2: Mar'25 | AQ2: Abr'25 | AR2: May'25 | AS2: Jun'25 | AT2: Jul'25 | AU2: Ago'25 | AV2: Sep'25 | AW2: Oct'25 | AX2: Nov'25 | AY2: Dic'25 | AZ2: Ene'26 | BA2: Feb'26 | BB2: Mar'26 | BC2: Abr'26 | BF2: %
B3: Pacífico | C3: 0.3 | D3: 0.34 | E3: 0.27 | F3: 0.3 | G3: 0.32 | H3: 0.25 | I3: 0.35 | J3: 0.42 | K3: 0.36 | L3: 0.41 | M3: 0.43 | N3: 0.37 | O3: 0.39 | P3: 0.41 | Q3: 0.37 | R3: 0.42 | S3: 0.39 | T3: 0.38 | U3: 0.39 | V3: 0.33 | W3: 0.44 | X3: 0.39 | Y3: 0.43 | Z3: 0.41 | AA3: 0.43 | AB3: 0.56 | AC3: 0.46 | AD3: 0.49 | AE3: 0.64 | AF3: 0.63 | AG3: 0.66 | AH3: 0.72 | AI3: 0.76 | AJ3: 0.71 | AK3: 0.71 | AL3: 0.78 | AM3: 0.77 | AN3: 0.75 | AO3: 0.76 | AP3: 0.76 | AQ3: 0.76 | AR3: 0.77 | AS3: 0.79 | AT3: 0.77 | AU3: 0.77 | AV3: 0.77 | AW3: 0.76 | AX3: 0.761 | AY3: 0.766 | AZ3: 0.736 | BA3: 0.706 | BE3: % Vs MA | BF3: =(BC3-BB3) -> 0
B4: Noreste | C4: 0.57 | D4: 0.54 | E4: 0.58 | F4: 0.56 | G4: 0.58 | H4: 0.53 | I4: 0.52 | J4: 0.59 | K4: 0.59 | L4: 0.75 | M4: 0.67 | N4: 0.71 | O4: 0.68 | P4: 0.69 | Q4: 0.64 | R4: 0.69 | S4: 0.66 | T4: 0.65 | U4: 0.66 | V4: 0.64 | W4: 0.61 | X4: 0.61 | Y4: 0.61 | Z4: 0.66 | AA4: 0.66 | AB4: 0.64 | AC4: 0.71 | AD4: 0.75 | AE4: 0.84 | AF4: 0.84 | AG4: 0.86 | AH4: 0.87 | AI4: 0.83 | AJ4: 0.86 | AK4: 0.83 | AL4: 0.87 | AM4: 0.88 | AN4: 0.87 | AO4: 0.86 | AP4: 0.87 | AQ4: 0.87 | AR4: 0.9 | AS4: 0.89 | AT4: 0.84 | AU4: 0.68 | AV4: 0.67 | AW4: 0.6 | AX4: 0.584 | AY4: 0.586 | AZ4: 0.601 | BA4: 0.559 | BE4: % Vs MA | BF4: =BC4-BB4 -> 0
B5: Centro | C5: 0.11 | D5: 0.21 | E5: 0.33 | F5: 0.33 | G5: 0.33 | H5: 0.39 | I5: 0.4 | J5: 0.36 | K5: 0.41 | L5: 0.43 | M5: 0.44 | N5: 0.42 | O5: 0.4 | P5: 0.42 | Q5: 0.41 | R5: 0.42 | S5: 0.36 | T5: 0.46 | U5: 0.53 | V5: 0.45 | W5: 0.44 | X5: 0.44 | Y5: 0.44 | Z5: 0.45 | AA5: 0.46 | AB5: 0.39 | AC5: 0.42 | AD5: 0.44 | AE5: 0.45 | AF5: 0.43 | AG5: 0.37 | AH5: 0.36 | AI5: 0.34 | AJ5: 0.34 | AK5: 0.34 | AL5: 0.36 | AM5: 0.37 | AN5: 0.48 | AO5: 0.42 | AP5: 0.39 | AQ5: 0.36 | AR5: 0.36 | AS5: 0.4 | AT5: 0.35 | AU5: 0.35 | AV5: 0.37 | AW5: 0.35 | AX5: 0.334 | AY5: 0.328 | AZ5: 0.3 | BA5: 0.302 | BE5: % Vs MA | BF5: =(BC5-BB5) -> 0
B6: Sureste | C6: 0.11 | D6: 0.17 | E6: 0.38 | F6: 0.36 | G6: 0.32 | H6: 0.33 | I6: 0.36 | J6: 0.35 | K6: 0.37 | L6: 0.44 | M6: 0.41 | N6: 0.44 | O6: 0.43 | P6: 0.47 | Q6: 0.43 | R6: 0.55 | S6: 0.63 | T6: 0.58 | U6: 0.61 | V6: 0.6 | W6: 0.63 | X6: 0.68 | Y6: 0.66 | Z6: 0.66 | AA6: 0.65 | AB6: 0.61 | AC6: 0.69 | AD6: 0.64 | AE6: 0.66 | AF6: 0.65 | AG6: 0.66 | AH6: 0.74 | AI6: 0.68 | AJ6: 0.7 | AK6: 0.68 | AL6: 0.69 | AM6: 0.75 | AN6: 0.69 | AO6: 0.71 | AP6: 0.72 | AQ6: 0.7 | AR6: 0.72 | AS6: 0.74 | AT6: 0.67 | AU6: 0.72 | AV6: 0.74 | AW6: 0.72 | AX6: 0.703 | AY6: 0.651 | AZ6: 0.646 | BA6: 0.633 | BE6: % Vs MA | BF6: =(BC6-BB6) -> 0
BF8: %
C9: Dic'21 | D9: Ene'22 | E9: Feb'22 | F9: Mar'22 | G9: Abr'22 | H9: May'22 | I9: Jun'22 | J9: Jul'22 | K9: Ago'22 | L9: Sep'22 | M9: Oct'22 | N9: Nov'22 | O9: Dic'22 | P9: Ene'23 | Q9: Feb'23 | R9: Mar'23 | S9: Abr'23 | T9: May'23 | U9: Jun'23 | V9: Jul'23 | W9: Ago'23 | X9: Sep'23 | Y9: Oct'23 | Z9: Nov'23 | AA9: Dic'23 | AB9: Ene'24 | AC9: Feb'24 | AD9: Mar'24 | AE9: Abr'24 | AF9: May'24 | AG9: Jun'24 | AH9: Jul'24 | AI9: Ago'24 | AJ9: Sep'24 | AK9: Oct'24 | AL9: Nov'24 | AM9: Dic'24 | AN9: Ene'25 | AO9: Feb'25 | AP9: Mar'25 | AQ9: Abr'25 | AR9: May'25 | AS9: Jun'25 | AT9: Jul'25 | AU9: Ago'25 | AV9: Sep'25 | AW9: Oct'25 | AX9: Nov'25 | AY9: Dic'25 | AZ9: Ene'26 | BA9: Feb'26 | BB9: Mar'26 | BC9: Abr'26 | BE9: % MAct
B10: Nacional | C10: 0.3 | D10: 0.33 | E10: 0.4 | F10: 0.4 | G10: 0.4 | H10: 0.39 | I10: 0.42 | J10: 0.44 | K10: 0.45 | L10: 0.52 | M10: 0.5 | N10: 0.49 | O10: 0.49 | P10: 0.51 | Q10: 0.47 | R10: 0.53 | S10: 0.5 | T10: 0.52 | U10: 0.55 | V10: 0.51 | W10: 0.52 | X10: 0.52 | Y10: 0.52 | Z10: 0.54 | AA10: 0.54 | AB10: 0.53 | AC10: 0.56 | AD10: 0.58 | AE10: 0.64 | AF10: 0.63 | AG10: 0.61 | AH10: 0.65 | AI10: 0.64 | AJ10: 0.64 | AK10: 0.64 | AL10: 0.68 | AM10: 0.69 | AN10: 0.7 | AO10: 0.68 | AP10: 0.68 | AQ10: 0.66 | AR10: 0.68 | AS10: 0.7 | AT10: 0.63 | AU10: 0.59 | AV10: 0.61 | AW10: 0.58 | AX10: 0.562 | AY10: 0.553 | AZ10: 0.541 | BA10: 0.518 | BE10: % Vs MA | BF10: =(BC10-BB10) -> 0
BE11: % Vs Dic'21 | BF11: =(BC10-C10) -> -0.3

Sheet Ventas MS, Antihu y Asfalt ANTE
B2: MEZCLAS
B3: Región | C3: No. Tiendas | D3: Tiendas con MS | E3: Vol SO MA | F3: Vol SO MAct | G3: % vs MA | H3: % vs MMAA | I3: Acum'25 | J3: Acum'26 | K3: Ac'26 vs '25 | L3: % '26 vs '25
B4: PACIFICO | C4: 34 | E4: 94 | G4: =IFERROR((F4-E4)/E4,0) -> -1 | H4: =(F4-148.125)/148.125 -> -1 | I4: =166.75+148.125 -> 314.875 | J4: =109.325+94 -> 203.325 | K4: =J4-I4 -> -111.55 | L4: =K4/I4 -> -0.35426757
B5: NORESTE | C5: 38 | E5: 181.875 | G5: =IFERROR((F5-E5)/E5,0) -> -1 | H5: =(F5-151.1)/151.1 -> -1 | I5: =151.15+151.1 -> 302.25 | J5: =162.675+181.875 -> 344.55 | K5: =J5-I5 -> 42.3 | L5: =K5/I5 -> 0.13995037
B6: CENTRO | C6: 43 | E6: 153.9 | G6: =IFERROR((F6-E6)/E6,0) -> -1 | H6: =(F6-129.075)/129.075 -> -1 | I6: =142.125+129.075 -> 271.2 | J6: =153.5+153.9 -> 307.4 | K6: =J6-I6 -> 36.2 | L6: =K6/I6 -> 0.13348083
B7: SURESTE | C7: 22 | E7: 49.15 | G7: =IFERROR((F7-E7)/E7,0) -> -1 | H7: =(F7-76.475)/76.475 -> -1 | I7: =74.75+76.475 -> 151.225 | J7: =61.125+49.15 -> 110.275 | K7: =J7-I7 -> -40.95 | L7: =K7/I7 -> -0.27078856
B8: NACIONAL | C8: =SUM(C4:C7) -> 137 | D8: =D4+D5+D6+D7 -> 0 | E8: =SUM(E4:E7) -> 478.925 | F8: =SUM(F4:F7) -> 0 | G8: =(F8-E8)/E8 -> -1 | H8: =(F8-534.775)/534.775 -> -1 | I8: =SUM(I4:I7) -> 1039.55 | J8: =SUM(J4:J7) -> 965.55 | K8: =J8-I8 -> -74 | L8: =K8/I8 -> -0.071184647
B11: Región | C11: No. Tiendas | D11: Tiendas con MS | E11: Vol SI MA | F11: Vol SI MAct | G11: % vs MA | H11: % vs MMAA | I11: Acum'25 | J11: Acum'26 | K11: Ac'26 vs '25 | L11: % '26 vs '25
B12: NACIONAL | C12: =SUM(C8:C11) -> 137 | D12: =SUM(D8:D11) -> 0 | E12: ='MS antes'!DE94 -> 93.6 | F12: ='MS antes'!DF94 -> 0 | G12: =(F12-E12)/E12 -> -1 | H12: =(F12-'MS antes'!CR94)/'MS antes'!CR94 -> -1 | I12: ='MS antes'!DC94 -> 1657.8 | J12: ='MS antes'!DP94 -> 766.8 | K12: =J12-I12 -> -891 | L12: =K12/I12 -> -0.53745928
B14: ANTIHUMEDAD PPT
B16: Región | C16: No. Tiendas | D16: Tiendas con Antihumedad | E16: Vol SI MAct | F16: Vol SO MAct
B17: PACIFICO | C17: 34
B18: NORESTE | C18: 38
B19: CENTRO | C19: 43
B20: SURESTE | C20: 22
B21: NACIONAL | C21: =SUM(C17:C20) -> 137 | D21: =SUM(D17:D20) -> 0 | E21: =SUM(E17:E20) -> 0 | F21: =SUM(F17:F20) -> 0
B24: ANTIHUMEDAD
B25: Región | C25: No. Tiendas | D25: Prom Mes Tienda | E25: Vol MA | F25: Vol MAct | G25: % vs MA | H25: % vs MMAA | I25: PD MA | J25: PD MAct | K25: % PD vs MA | L25: % PD vs MMAA | M25: Acum'25 | N25: Acum'26 | O25: Ac'26 vs '25 | P25: % '26 vs '25 | Q25: PD Acum'26 | R25: % PD '25 vs '25
B26: PACIFICO | C26: 34 | D26: =('ANTIHUMEDAD antes'!$AP$28/'Ventas MS, Antihu y Asfalt ANTE'!$C26)/3 -> 4.5727941 | E26: ='ANTIHUMEDAD antes'!$AE$28 -> 238.1 | F26: ='ANTIHUMEDAD antes'!$AF$28 -> 0 | G26: =(F26-E26)/E26 -> -1 | H26: =('ANTIHUMEDAD antes'!$AF$28-'ANTIHUMEDAD antes'!$S$28)/'ANTIHUMEDAD antes'!$S$28 -> -1 | I26: ='ANTIHUMEDAD antes'!$AE$28/'ANTIHUMEDAD antes'!$AE$2 -> 10.352174 | J26: ='ANTIHUMEDAD antes'!$AF$28/'ANTIHUMEDAD antes'!$AF$2 -> 0 | K26: =(J26-I26)/I26 -> -1 | L26: =(J26-('ANTIHUMEDAD antes'!$S$28/'ANTIHUMEDAD antes'!$S$2)/('ANTIHUMEDAD antes'!$S$28/'ANTIHUMEDAD antes'!$S$2)) -> -1 | M26: ='ANTIHUMEDAD antes'!$AC$28 -> 430.525 | N26: ='ANTIHUMEDAD antes'!$AP$28 -> 466.425 | O26: =N26-M26 -> 35.9 | P26: =O26/M26 -> 0.083386563 | Q26: ='ANTIHUMEDAD antes'!$AP$28/'ANTIHUMEDAD antes'!$AP$2 -> 6.3030405 | R26: =Q26-('ANTIHUMEDAD antes'!$AC$94/'ANTIHUMEDAD antes'!$AC$2)/('ANTIHUMEDAD antes'!$AC$94/'ANTIHUMEDAD antes'!$AC$2) -> 5.3030405
B27: NORESTE | C27: 38 | D27: =('ANTIHUMEDAD antes'!$AP$53/'Ventas MS, Antihu y Asfalt ANTE'!C27)/3 -> 4.1866228 | E27: ='ANTIHUMEDAD antes'!$AE$53 -> 304.825 | F27: ='ANTIHUMEDAD antes'!$AF$53 -> 0 | G27: =(F27-E27)/E27 -> -1 | H27: =('ANTIHUMEDAD antes'!$AF$53-'ANTIHUMEDAD antes'!$S$53)/'ANTIHUMEDAD antes'!$S$53 -> -1 | I27: ='ANTIHUMEDAD antes'!$AE$53/'ANTIHUMEDAD antes'!$AE$2 -> 13.253261 | J27: ='ANTIHUMEDAD antes'!$AF$53/'ANTIHUMEDAD antes'!$AF$2 -> 0 | K27: =(J27-I27)/I27 -> -1 | L27: =(J27-('ANTIHUMEDAD antes'!$S$53/'ANTIHUMEDAD antes'!$S$2)/('ANTIHUMEDAD antes'!$S$53/'ANTIHUMEDAD antes'!$S$2)) -> -1 | M27: ='ANTIHUMEDAD antes'!$AC$53 -> 546.725 | N27: ='ANTIHUMEDAD antes'!$AP$53 -> 477.275 | O27: =N27-M27 -> -69.45 | P27: =O27/M27 -> -0.12702913 | Q27: ='ANTIHUMEDAD antes'!$AP$53/'ANTIHUMEDAD antes'!$AP$2 -> 6.4496622 | R27: =Q27-('ANTIHUMEDAD antes'!$AC$94/'ANTIHUMEDAD antes'!$AC$2)/('ANTIHUMEDAD antes'!$AC$94/'ANTIHUMEDAD antes'!$AC$2) -> 5.4496622
B28: CENTRO | C28: 43 | D28: =('ANTIHUMEDAD antes'!$AP$70/'Ventas MS, Antihu y Asfalt ANTE'!C28)/3 -> 6.1625969 | E28: ='ANTIHUMEDAD antes'!$AE$70 -> 489.55 | F28: ='ANTIHUMEDAD antes'!$AF$70 -> 0 | G28: =(F28-E28)/E28 -> -1 | H28: =('ANTIHUMEDAD antes'!$AF$70-'ANTIHUMEDAD antes'!$S$70)/'ANTIHUMEDAD antes'!$S$70 -> -1 | I28: ='ANTIHUMEDAD antes'!$AE$70/'ANTIHUMEDAD antes'!$AE$2 -> 21.284783 | J28: ='ANTIHUMEDAD antes'!$AF$70/'ANTIHUMEDAD antes'!$AF$2 -> 0 | K28: =(J28-I28)/I28 -> -1 | L28: =(J28-('ANTIHUMEDAD antes'!$S$70/'ANTIHUMEDAD antes'!$S$2)/('ANTIHUMEDAD antes'!$S$70/'ANTIHUMEDAD antes'!$S$2)) -> -1 | M28: ='ANTIHUMEDAD antes'!$AC$70 -> 833.55 | N28: ='ANTIHUMEDAD antes'!$AP$70 -> 794.975 | O28: =N28-M28 -> -38.575 | P28: =O28/M28 -> -0.046277968 | Q28: ='ANTIHUMEDAD antes'!$AP$70/'ANTIHUMEDAD antes'!$AP$2 -> 10.742905 | R28: =Q28-('ANTIHUMEDAD antes'!$AC$94/'ANTIHUMEDAD antes'!$AC$2)/('ANTIHUMEDAD antes'!$AC$94/'ANTIHUMEDAD antes'!$AC$2) -> 9.7429054
B29: SURESTE | C29: 22 | D29: =('ANTIHUMEDAD antes'!$AP$93/'Ventas MS, Antihu y Asfalt ANTE'!C29)/3 -> 6.5522727 | E29: ='ANTIHUMEDAD antes'!$AE$93 -> 236.675 | F29: ='ANTIHUMEDAD antes'!$AF$93 -> 0 | G29: =(F29-E29)/E29 -> -1 | H29: =('ANTIHUMEDAD antes'!$AF$93-'ANTIHUMEDAD antes'!$S$93)/'ANTIHUMEDAD antes'!$S$93 -> -1 | I29: ='ANTIHUMEDAD antes'!$AE$93/'ANTIHUMEDAD antes'!$AE$2 -> 10.290217 | J29: ='ANTIHUMEDAD antes'!$AF$93/'ANTIHUMEDAD antes'!$AF$2 -> 0 | K29: =(J29-I29)/I29 -> -1 | L29: =(J29-('ANTIHUMEDAD antes'!$S$93/'ANTIHUMEDAD antes'!$S$2)/('ANTIHUMEDAD antes'!$S$93/'ANTIHUMEDAD antes'!$S$2)) -> -1 | M29: ='ANTIHUMEDAD antes'!$AC$93 -> 494.15 | N29: ='ANTIHUMEDAD antes'!$AP$93 -> 432.45 | O29: =N29-M29 -> -61.7 | P29: =O29/M29 -> -0.12486087 | Q29: ='ANTIHUMEDAD antes'!$AP$93/'ANTIHUMEDAD antes'!$AP$2 -> 5.8439189 | R29: =Q29-('ANTIHUMEDAD antes'!$AC$94/'ANTIHUMEDAD antes'!$AC$2)/('ANTIHUMEDAD antes'!$AC$94/'ANTIHUMEDAD antes'!$AC$2) -> 4.8439189
B30: NACIONAL | C30: =SUM(C26:C29) -> 137 | D30: =('ANTIHUMEDAD antes'!$AP$94/'Ventas MS, Antihu y Asfalt ANTE'!C30)/3 -> 5.2825426 | E30: ='ANTIHUMEDAD antes'!$AE$94 -> 1269.15 | F30: ='ANTIHUMEDAD antes'!$AF$94 -> 0 | G30: =(F30-E30)/E30 -> -1 | H30: =('ANTIHUMEDAD antes'!$AF$94-'ANTIHUMEDAD antes'!$S$94)/'ANTIHUMEDAD antes'!$S$94 -> -1 | I30: ='ANTIHUMEDAD antes'!$AE$94/'ANTIHUMEDAD antes'!$AE$2 -> 55.180435 | J30: ='ANTIHUMEDAD antes'!$AF$94/'ANTIHUMEDAD antes'!$AF$2 -> 0 | K30: =(J30-I30)/I30 -> -1 | L30: =(J30-('ANTIHUMEDAD antes'!$S$94/'ANTIHUMEDAD antes'!$S$2)/('ANTIHUMEDAD antes'!$S$94/'ANTIHUMEDAD antes'!$S$2)) -> -1 | M30: ='ANTIHUMEDAD antes'!$AC$94 -> 2304.95 | N30: ='ANTIHUMEDAD antes'!$AP$94 -> 2171.125 | O30: =N30-M30 -> -133.825 | P30: =O30/M30 -> -0.058059828 | Q30: ='ANTIHUMEDAD antes'!$AP$94/'ANTIHUMEDAD antes'!$AP$2 -> 29.339527 | R30: =Q30-('ANTIHUMEDAD antes'!AC94/'ANTIHUMEDAD antes'!AC2)/('ANTIHUMEDAD antes'!AC94/'ANTIHUMEDAD antes'!AC2) -> 28.339527
B33: ASFALTO | H33: No aplica | K33: No aplica | L33: No aplica
B34: Región | C34: No. Tiendas | D34: Tiendas con Asfalto | E34: Vol SO MA | F34: Vol SO MAct | G34: % vs MA | H34: % vs MMAA | I34: Acum'25 | J34: Acum'26 | K34: Ac'26 vs '25 | L34: % '26 vs '25
B35: PACIFICO | C35: 34 | E35: 54.625 | G35: =IFERROR((F35-E35)/E35,0) -> -1 | I35: =ASFALTO!$P$32 -> 0 | J35: =74.625+54.625 -> 129.25
B36: NORESTE | C36: 38 | E36: 85.7 | G36: =IFERROR((F36-E36)/E36,0) -> -1 | I36: =ASFALTO!$P$59 -> 0 | J36: =67.375+85.7 -> 153.075
B37: CENTRO | C37: 43 | E37: 118.05 | G37: =IFERROR((F37-E37)/E37,0) -> -1 | I37: =ASFALTO!#REF! -> #REF! | J37: =101.725+118.05 -> 219.775
B38: SURESTE | C38: 22 | E38: 42.875 | G38: =IFERROR((F38-E38)/E38,0) -> -1 | I38: =ASFALTO!$P$88 -> 0 | J38: =42.475+42.875 -> 85.35
B39: NACIONAL | C39: =SUM(C35:C38) -> 137 | D39: =D35+D36+D37+D38 -> 0 | E39: =SUM(E35:E38) -> 301.25 | F39: =SUM(F35:F38) -> 0 | G39: =(F39-E39)/E39 -> -1 | I39: =SUM(I35:I38) -> #REF! | J39: =SUM(J35:J38) -> 587.45
H41: No aplica | I41: No aplica | K41: No aplica | L41: No aplica
B42: Región | C42: No. Tiendas | D42: Tiendas con Asfalto | E42: Vol SI MA | F42: Vol SI MAct | G42: % vs MA | H42: % vs MMAA | I42: Acum'25 | J42: Acum'26 | K42: Ac'26 vs '25 | L42: % '26 vs '25
B43: NACIONAL | C43: =SUM(C39:C42) -> 137 | D43: =SUM(D39:D42) -> 0 | E43: =ASFALTO!$R$89 -> 250 | F43: =ASFALTO!$S$89 -> 440 | G43: =(F43-E43)/E43 -> 0.76 | I43: =ASFALTO!$P$89 -> 0 | J43: =ASFALTO!$AC$89 -> 1180 | K43: =J43-I43 -> 1180 | L43: =K43/I43 -> #DIV/0!
I90: =1126.725+143 -> 1269.725

Sheet GRAFICAS PRECIO
AF2: PRECIO NETO
AF3: Producto | AG3: $Mar'26 | AH3: $ vs MA | AI3: % vs MA | AJ3: $ vs MMAA | AK3: % vs MMAA | AL3: $ Acum'26 | AM3: $ vs Acum'25 | AN3: % vs Acum'25 | AO3: $Dic'25 | AP3: $ vs Dic'25 | AQ3: % vs Dic'25 | AR3: $ Utilidad TN (Acum'25) | AS3: % Utilidad TN (Acum'25)
AF4: Gris Saco | AG4: 4162.9246 | AH4: -20.783159 | AI4: -0.0049676411 | AJ4: 211.8878 | AK4: 0.053628406 | AL4: 4107.1278 | AM4: 174.85093 | AN4: 0.04446557 | AO4: 3861.0579 | AP4: =+AG4-AO4 -> 301.86669 | AQ4: =AP4/AO4 -> 0.078182377 | AR4: 2028.8484 | AS4: 0.51876033
AF5: Mortero | AG5: 3426.3783 | AH5: -60.588363 | AI5: -0.017375665 | AJ5: 218.79104 | AK5: 0.068210472 | AL5: 3372.3613 | AM5: 210.50489 | AN5: 0.066576359 | AO5: 3135.2614 | AP5: =+AG5-AO5 -> 291.11692 | AQ5: =AP5/AO5 -> 0.092852519 | AR5: 1722.5289 | AS5: 0.54548714
AF6: Blanco | AG6: 7887.8188 | AH6: -10.76003 | AI6: -0.0013622742 | AJ6: 137.74395 | AK6: 0.017773242 | AL6: 7804.5623 | AM6: 102.72824 | AN6: 0.013338153 | AO6: 7698.9991 | AP6: =+AG6-AO6 -> 188.81977 | AQ6: =AP6/AO6 -> 0.024525236 | AR6: 3916.8615 | AS6: 0.51217396
AF7: Multiplast | AG7: 4502.4758 | AH7: -137.03614 | AI7: -0.029536757 | AJ7: 30.308471 | AK7: 0.0067771327 | AL7: 4571.1522 | AM7: 176.70554 | AN7: 0.040211102 | AO7: 4476.5538 | AP7: =+AG7-AO7 -> 25.922054 | AQ7: =AP7/AO7 -> 0.0057906273 | AR7: 600.26429 | AS7: 0.13447147
AS9: Utilidad a NOV'25
B14: GRIS | R14: MORTERO
C15: E | D15: F | E15: M | F15: A | G15: M | H15: J | I15: J | J15: A | K15: S | L15: O | M15: N | N15: D | S15: E | T15: F | U15: M | V15: A | W15: M | X15: J | Y15: J | Z15: A | AA15: S | AB15: O | AC15: N | AD15: D
B16: 2021 | C16: 2741.0228 | D16: 2727.9688 | E16: 2742.0482 | F16: 2783.1918 | G16: 2775.0963 | H16: 2774.9258 | I16: 2850.9542 | J16: 2866.0135 | K16: 2881.406 | L16: 2864.6695 | M16: 2937.279 | N16: 2888.6484 | R16: 2021 | S16: 2184.2554 | T16: 2187.9322 | U16: 2185.6659 | V16: 2225.1266 | W16: 2208.0484 | X16: 2219.2326 | Y16: 2270.42 | Z16: 2286.2232 | AA16: 2297.4991 | AB16: 2285.8449 | AC16: 2343.5744 | AD16: 2319.6664
B17: 2022 | C17: 3071.2614 | D17: 3300.1758 | E17: 3231.7987 | F17: 3280.6624 | G17: 3429.8277 | H17: 3379.2273 | I17: 3482.3845 | J17: 3538.7882 | K17: 3423.8753 | L17: 3425 | M17: 3610.3399 | N17: 3489.3214 | R17: 2022 | S17: 2500.6184 | T17: 2693.3072 | U17: 2593.8938 | V17: 2619.0847 | W17: 2793.3114 | X17: 2735.3143 | Y17: 2807.3801 | Z17: 2834.405 | AA17: 2862.9617 | AB17: 2817 | AC17: 2945.0672 | AD17: 2811.4114
B18: 2023 | C18: 3698.5474 | D18: 3910.8892 | E18: 3806.3684 | F18: 3739 | G18: 3735 | H18: 3723 | I18: 3666 | J18: 3762 | K18: 3706 | L18: 3675 | M18: 3673.7184 | N18: 3620.8805 | R18: 2023 | S18: 2986.4954 | T18: 3194.428 | U18: 3050.6275 | V18: 3007 | W18: 3001 | X18: 2981 | Y18: 2969 | Z18: 3072 | AA18: 3000 | AB18: 2951.0826 | AC18: 2970.0855 | AD18: 2896.1289
B19: 2024 | C19: 3752.3078 | D19: 3989.7309 | E19: 3861.2684 | F19: 3854.5904 | G19: 3750.2828 | H19: 3689.7862 | I19: 3778.3042 | J19: 3780.5811 | K19: 3754.4205 | L19: 3740.7707 | M19: 3773.0592 | N19: 3630.9777 | R19: 2024 | S19: 3029.0459 | T19: 3174.0145 | U19: 3142.289 | V19: 3109.4006 | W19: 3064.2056 | X19: 3021.6534 | Y19: 3070.7655 | Z19: 3090.3774 | AA19: 3063.5308 | AB19: 3107.0332 | AC19: 3088.9914 | AD19: 3068.8346
B20: 2025 | C20: 3813.9909 | D20: 4033.5938 | E20: 3951.0368 | F20: 3872.3585 | G20: 3900.4174 | H20: 3879.4614 | I20: 3849.0237 | J20: 3921.1104 | K20: 3924.9915 | L20: 3969.9886 | M20: 3912.1931 | N20: 3861.0579 | R20: 2025 | S20: 3068.1666 | T20: 3223.8637 | U20: 3207.5872 | V20: 3179.3883 | W20: 3210.2509 | X20: 3175.8145 | Y20: 3268.8681 | Z20: 3211.8943 | AA20: 3248.7954 | AB20: 3003.7165 | AC20: 2939.3435 | AD20: 3135.2614
B21: 2026 | C21: 3970.3703 | D21: 4183.7078 | E21: 4162.9246 | R21: 2026 | S21: 3195.3381 | T21: 3486.9667 | U21: 3426.3783

Sheet ANTIHUMEDAD antes
A2: ANTIHUMEDAD | D2: 0 | E2: 0 | F2: 0 | G2: 0 | H2: 0 | I2: 0 | J2: 0 | K2: 0 | L2: 24 | M2: 26 | N2: 25 | O2: 24 | P2: =SUM(D2:F2) -> 0 | Q2: 26 | R2: 23 | S2: 24 | T2: 24 | U2: 26 | V2: 25 | W2: 27 | X2: 26 | Y2: 25 | Z2: 27 | AA2: 24 | AB2: 25 | AC2: =SUM(Q2:S2) -> 73 | AD2: 26 | AE2: 23 | AF2: 25 | AP2: =SUM(AD2:AO2) -> 74
A3: Region | B3: Gerencia | C3: Plaza | D3: Ene'24 | E3: Feb'24 | F3: Mar'24 | G3: Abr'24 | H3: May'24 | I3: Jun'24 | J3: Jul'24 | K3: Ago'24 | L3: Sep'24 | M3: Oct'24 | N3: Nov'24 | O3: Dic'24 | P3: Acum'24 | Q3: Ene'25 | R3: Feb'25 | S3: Mar'25 | T3: Abr'25 | U3: May'25 | V3: Jun'25 | W3: Jul'25 | X3: Ago'25 | Y3: Sep'25 | Z3: Oct'25 | AA3: Nov'25 | AB3: Dic'25 | AC3: Acum'25 | AD3: Ene'26 | AE3: Feb'26 | AF3: Mar'26 | AG3: Abr'26 | AH3: May'26 | AI3: Jun'26 | AJ3: Jul'26 | AK3: Ago'26 | AL3: Sep'26 | AM3: Oct'26 | AN3: Nov'26 | AO3: Dic'26 | AP3: Acum'26
B4: GUADALAJARA ALTOS | C4: GUADALAJARA | D4: 0 | E4: 0 | F4: 0 | G4: 0 | H4: 0 | I4: 0 | J4: 0 | K4: 0 | L4: 34 | M4: 16 | N4: 37 | O4: 24.475 | P4: =SUM(D4:F4) -> 0 | Q4: 24.1 | R4: 42 | S4: 43 | T4: 46.925 | U4: 46 | V4: 68.4 | W4: 63.65 | X4: 56.1 | Y4: 56.875 | Z4: 53.525 | AA4: 55.4 | AB4: 50.5 | AC4: =SUM(Q4:S4) -> 109.1 | AD4: 84.6 | AE4: 84 | AF4: 0 | AG4: 0 | AH4: 0 | AI4: 0 | AJ4: 0 | AK4: 0 | AL4: 0 | AM4: 0 | AN4: 0 | AO4: 0 | AP4: =SUM(AD4:AO4) -> 168.6
B5: GUADALAJARA ALTOS TOTAL | D5: =SUM(D4) -> 0 | E5: =SUM(E4) -> 0 | F5: =SUM(F4) -> 0 | G5: =SUM(G4) -> 0 | H5: =SUM(H4) -> 0 | I5: =SUM(I4) -> 0 | J5: =SUM(J4) -> 0 | K5: =SUM(K4) -> 0 | ... AP5: =SUM(AP4) -> 168.6
B6: JAL-COL-NAY | C6: COLIMA | D6: 0 | E6: 0 | F6: 0 | G6: 0 | H6: 0 | I6: 0 | J6: 0 | K6: 0 | L6: 4 | M6: 0 | N6: 0.2 | O6: 0 | P6: =SUM(D6:F6) -> 0 | Q6: 0 | R6: 2 | S6: 2 | T6: 8 | U6: 2.1 | V6: 4 | W6: 4.2 | X6: 2 | Y6: 4 | Z6: 6 | AA6: 0 | AB6: 2 | AC6: =SUM(Q6:S6) -> 4 | AD6: 2 | AE6: 4 | AF6: 0 | AG6: 0 | AH6: 0 | AI6: 0 | AJ6: 0 | AK6: 0 | AL6: 0 | AM6: 0 | AN6: 0 | AO6: 0 | AP6: =SUM(AD6:AO6) -> 6
C7: MANZANILLO | D7: 0 | E7: 0 | F7: 0 | G7: 0 | H7: 0 | I7: 0 | J7: 0 | K7: 0 | L7: 4 | M7: 8 | N7: 2.2 | O7: 2 | P7: =SUM(D7:F7) -> 0 | Q7: 2.1 | R7: 2 | S7: 2 | T7: 6 | U7: 8 | V7: 6 | W7: 8 | X7: 8 | Y7: 6 | Z7: 6.1 | AA7: 4 | AB7: 6.1 | AC7: =SUM(Q7:S7) -> 6.1 | AD7: 4 | AE7: 4 | AF7: 0 | AG7: 0 | AH7: 0 | AI7: 0 | AJ7: 0 | AK7: 0 | AL7: 0 | AM7: 0 | AN7: 0 | AO7: 0 | AP7: =SUM(AD7:AO7) -> 8
C8: PUERTO VALLARTA | D8: 0 | E8: 0 | F8: 0 | G8: 0 | H8: 0 | I8: 0 | J8: 0 | K8: 0 | L8: 12 | M8: 0 | N8: 10.2 | O8: 3.75 | P8: =SUM(D8:F8) -> 0 | Q8: 4 | R8: 6 | S8: 4.1 | T8: 6 | U8: 14.2 | V8: 12 | W8: 16 | X8: 10 | Y8: 5.575 | Z8: 14.4 | AA8: 18.3 | AB8: 19.2 | AC8: =SUM(Q8:S8) -> 14.1 | AD8: 5.55 | AE8: 23.2 | AF8: 0 | AG8: 0 | AH8: 0 | AI8: 0 | AJ8: 0 | AK8: 0 | AL8: 0 | AM8: 0 | AN8: 0 | AO8: 0 | AP8: =SUM(AD8:AO8) -> 28.75
C9: TEPIC | D9: 0 | E9: 0 | F9: 0 | G9: 0 | H9: 0 | I9: 0 | J9: 0 | K9: 0 | L9: 6 | M9: 0 | N9: 0.2 | O9: 2 | P9: =SUM(D9:F9) -> 0 | Q9: 6 | R9: 1.875 | S9: 8.5 | T9: 4 | U9: 4 | V9: 16 | W9: 7.95 | X9: 6 | Y9: 6.1 | Z9: 6 | AA9: 4.4 | AB9: 2 | AC9: =SUM(Q9:S9) -> 16.375 | AD9: 2 | AE9: 4 | AF9: 0 | AG9: 0 | AH9: 0 | AI9: 0 | AJ9: 0 | AK9: 0 | AL9: 0 | AM9: 0 | AN9: 0 | AO9: 0 | AP9: =SUM(AD9:AO9) -> 6
B10: JAL-COL-NAY TOTAL | D10: =SUM(D6:D9) -> 0 | E10: =SUM(E6:E9) -> 0 | F10: =SUM(F6:F9) -> 0 | G10: =SUM(G6:G9) -> 0 | H10: =SUM(H6:H9) -> 0 | I10: =SUM(I6:I9) -> 0 | J10: =SUM(J6:J9) -> 0 | K10: =SUM(K6:K9) -> 0 | ... AP10: =SUM(AP6:AP9) -> 48.75
B11: LAS CALIFORNIAS | C11: CABOS | D11: 0 | E11: 0 | F11: 0 | G11: 0 | H11: 0 | I11: 0 | J11: 0 | K11: 0 | L11: 4 | M11: 50.825 | N11: 40.2 | O11: 26 | P11: =SUM(D11:F11) -> 0 | Q11: 0 | R11: 0 | S11: 0.3 | T11: 0 | U11: 10 | V11: 0 | W11: 34 | X11: 16 | Y11: 4 | Z11: 30 | AA11: 12 | AB11: 14 | AC11: =SUM(Q11:S11) -> 0.3 | AD11: 2 | AE11: 0 | AF11: 0 | AG11: 0 | AH11: 0 | AI11: 0 | AJ11: 0 | AK11: 0 | AL11: 0 | AM11: 0 | AN11: 0 | AO11: 0 | AP11: =SUM(AD11:AO11) -> 2
C12: LA PAZ | D12: 0 | E12: 0 | F12: 0 | G12: 0 | H12: 0 | I12: 0 | J12: 0 | K12: 0 | L12: 1.5 | M12: 6 | N12: 0 | O12: 0.2 | P12: =SUM(D12:F12) -> 0 | Q12: 0 | R12: 2 | S12: 2 | T12: 2.1 | U12: 2 | V12: 0 | W12: 2.1 | X12: 0 | Y12: 2.1 | Z12: 2 | AA12: 2 | AB12: 2 | AC12: =SUM(Q12:S12) -> 4 | AD12: 2 | AE12: 4 | AF12: 0 | AG12: 0 | AH12: 0 | AI12: 0 | AJ12: 0 | AK12: 0 | AL12: 0 | AM12: 0 | AN12: 0 | AO12: 0 | AP12: =SUM(AD12:AO12) -> 6
C13: MEXICALI | D13: 0 | E13: 0 | F13: 0 | G13: 0 | H13: 0 | I13: 0 | J13: 0 | K13: 0 | L13: 8.8 | M13: 22 | N13: 64.45 | O13: 4.4 | P13: =SUM(D13:F13) -> 0 | Q13: 44.025 | R13: 19.825 | S13: 19.4 | T13: 70.475 | U13: 54.6 | V13: 61.3 | W13: 0 | X13: 40.8 | Y13: 48.2 | Z13: 30 | AA13: 22 | AB13: 22 | AC13: =SUM(Q13:S13) -> 83.25 | AD13: 27.975 | AE13: 14 | AF13: 0 | AG13: 0 | AH13: 0 | AI13: 0 | AJ13: 0 | AK13: 0 | AL13: 0 | AM13: 0 | AN13: 0 | AO13: 0 | AP13: =SUM(AD13:AO13) -> 41.975
C14: TIJUANA | D14: 0 | E14: 0 | F14: 0 | G14: 0 | H14: 0 | I14: 0 | J14: 0 | K14: 0 | L14: 4.2 | M14: 7.8 | N14: 12.8 | O14: 6.6 | P14: =SUM(D14:F14) -> 0 | Q14: 4.5 | R14: 4.4 | S14: 16 | T14: 17.35 | U14: 6.6 | V14: 4.2 | W14: 12.2 | X14: 2.1 | Y14: 8.6 | Z14: 16.1 | AA14: 22.8 | AB14: 4.5 | AC14: =SUM(Q14:S14) -> 24.9 | AD14: 18.5 | AE14: 21.6 | AF14: 0 | AG14: 0 | AH14: 0 | AI14: 0 | AJ14: 0 | AK14: 0 | AL14: 0 | AM14: 0 | AN14: 0 | AO14: 0 | AP14: =SUM(AD14:AO14) -> 40.1
C15: ROSARITO | D15: 0 | E15: 0 | F15: 0 | G15: 0 | H15: 0 | I15: 0 | J15: 0 | K15: 0 | L15: 2.2 | M15: 6.6 | N15: 2.4 | O15: 2.2 | P15: =SUM(D15:F15) -> 0 | Q15: 4.4 | R15: 0 | S15: 4.4 | T15: 6.6 | U15: 6.6 | V15: 6.3 | W15: 0 | X15: 0 | Y15: 6 | Z15: 6 | AA15: 2.2 | AB15: 2 | AC15: =SUM(Q15:S15) -> 8.8 | AD15: 10.1 | AE15: 5.8 | AF15: 0 | AG15: 0 | AH15: 0 | AI15: 0 | AJ15: 0 | AK15: 0 | AL15: 0 | AM15: 0 | AN15: 0 | AO15: 0 | AP15: =SUM(AD15:AO15) -> 15.9
C16: ENSENADA | D16: 0 | E16: 0 | F16: 0 | G16: 0 | H16: 0 | I16: 0 | J16: 0 | K16: 0 | L16: 2.15 | M16: 2.2 | N16: 0 | O16: 0.1 | P16: =SUM(D16:F16) -> 0 | Q16: 0 | R16: 2.2 | S16: 2.2 | T16: 0 | U16: 2.5 | V16: 4 | W16: 0 | X16: 0 | Y16: 2.2 | Z16: 2 | AA16: 2.3 | AB16: 2 | AC16: =SUM(Q16:S16) -> 4.4 | AD16: 6.8 | AE16: 7.6 | AF16: 0 | AG16: 0 | AH16: 0 | AI16: 0 | AJ16: 0 | AK16: 0 | AL16: 0 | AM16: 0 | AN16: 0 | AO16: 0 | AP16: =SUM(AD16:AO16) -> 14.4
B17: LAS CALIFORNIAS TOTAL | D17: =SUM(D11:D16) -> 0 | E17: =SUM(E11:E16) -> 0 | F17: =SUM(F11:F16) -> 0 | G17: =SUM(G11:G16) -> 0 | H17: =SUM(H11:H16) -> 0 | I17: =SUM(I11:I16) -> 0 | J17: =SUM(J11:J16) -> 0 | K17: =SUM(K11:K16) -> 0 | ... AP17: =SUM(AP11:AP16) -> 120.375
B18: SINALOA | C18: CULIACAN | D18: 0 | E18: 0 | F18: 0 | G18: 0 | H18: 0 | I18: 0 | J18: 0 | K18: 0 | L18: 6 | M18: 0 | N18: 2.3 | O18: 8 | P18: =SUM(D18:F18) -> 0 | Q18: 2 | R18: 0 | S18: 12.1 | T18: 2 | U18: 12 | V18: 6.025 | W18: 8.1 | X18: 2 | Y18: 8.125 | Z18: 5.65 | AA18: 2.2 | AB18: 4 | AC18: =SUM(Q18:S18) -> 14.1 | AD18: 6.1 | AE18: 12 | AF18: 0 | AG18: 0 | AH18: 0 | AI18: 0 | AJ18: 0 | AK18: 0 | AL18: 0 | AM18: 0 | AN18: 0 | AO18: 0 | AP18: =SUM(AD18:AO18) -> 18.1
C19: MAZATLAN | D19: 0 | E19: 0 | F19: 0 | G19: 0 | H19: 0 | I19: 0 | J19: 0 | K19: 0 | L19: 4 | M19: 0 | N19: 4.2 | O19: 2 | P19: =SUM(D19:F19) -> 0 | Q19: 2.1 | R19: 6 | S19: 6.3 | T19: 2 | U19: 2.5 | V19: 6 | W19: 2 | X19: 6 | Y19: 2 | Z19: 8 | AA19: 2 | AB19: 3.225 | AC19: =SUM(Q19:S19) -> 14.4 | AD19: 10.2 | AE19: 2 | AF19: 0 | AG19: 0 | AH19: 0 | AI19: 0 | AJ19: 0 | AK19: 0 | AL19: 0 | AM19: 0 | AN19: 0 | AO19: 0 | AP19: =SUM(AD19:AO19) -> 12.2
C20: MOCHIS | D20: 0 | E20: 0 | F20: 0 | G20: 0 | H20: 0 | I20: 0 | J20: 0 | K20: 0 | L20: 4 | M20: 4 | N20: 6 | O20: 0.1 | P20: =SUM(D20:F20) -> 0 | Q20: 8 | R20: 6 | S20: 4.1 | T20: 4 | U20: 4 | V20: 13.725 | W20: 6 | X20: 4 | Y20: 2.1 | Z20: 6 | AA20: 6.1 | AB20: 4 | AC20: =SUM(Q20:S20) -> 18.1 | AD20: 12 | AE20: 9.9 | AF20: 0 | AG20: 0 | AH20: 0 | AI20: 0 | AJ20: 0 | AK20: 0 | AL20: 0 | AM20: 0 | AN20: 0 | AO20: 0 | AP20: =SUM(AD20:AO20) -> 21.9
C21: GUASAVE | D21: 0 | E21: 0 | F21: 0 | G21: 0 | H21: 0 | I21: 0 | J21: 0 | K21: 0 | L21: 4 | M21: 6 | N21: 2 | O21: 8 | P21: =SUM(D21:F21) -> 0 | Q21: 64.1 | R21: 2 | S21: 8 | T21: 10 | U21: 10 | V21: 4 | W21: 18 | X21: 6 | Y21: 0 | Z21: 12 | AA21: 6 | AB21: 20 | AC21: =SUM(Q21:S21) -> 74.1 | AD21: 14.1 | AE21: 20 | AF21: 0 | AG21: 0 | AH21: 0 | AI21: 0 | AJ21: 0 | AK21: 0 | AL21: 0 | AM21: 0 | AN21: 0 | AO21: 0 | AP21: =SUM(AD21:AO21) -> 34.1
B22: SINALOA TOTAL | D22: =SUM(D18:D21) -> 0 | E22: =SUM(E18:E21) -> 0 | F22: =SUM(F18:F21) -> 0 | G22: =SUM(G18:G21) -> 0 | H22: =SUM(H18:H21) -> 0 | I22: =SUM(I18:I21) -> 0 | J22: =SUM(J18:J21) -> 0 | K22: =SUM(K18:K21) -> 0 | ... AP22: =SUM(AP18:AP21) -> 86.3
B23: SONORA | C23: GUAYMAS | D23: 0 | E23: 0 | F23: 0 | G23: 0 | H23: 0 | I23: 0 | J23: 0 | K23: 0 | L23: 3.8 | M23: 0 | N23: 4.1 | O23: 4 | P23: =SUM(D23:F23) -> 0 | Q23: 2.1 | R23: 8 | S23: 6 | T23: 2 | U23: 0 | V23: 2 | W23: 2 | X23: 2 | Y23: 4.1 | Z23: 4 | AA23: 4 | AB23: 6.1 | AC23: =SUM(Q23:S23) -> 16.1 | AD23: 16 | AE23: 10 | AF23: 0 | AG23: 0 | AH23: 0 | AI23: 0 | AJ23: 0 | AK23: 0 | AL23: 0 | AM23: 0 | AN23: 0 | AO23: 0 | AP23: =SUM(AD23:AO23) -> 26
C24: HERMOSILLO | D24: 0 | E24: 0 | F24: 0 | G24: 0 | H24: 0 | I24: 0 | J24: 0 | K24: 0 | L24: 5.2 | M24: 6 | N24: 0.4 | O24: 0 | P24: =SUM(D24:F24) -> 0 | Q24: 2 | R24: 4 | S24: 4.4 | T24: 2 | U24: 4 | V24: 0 | W24: 2 | X24: 2 | Y24: 4 | Z24: 2 | AA24: 7 | AB24: 2 | AC24: =SUM(Q24:S24) -> 10.4 | AD24: 2.4 | AE24: 6 | AF24: 0 | AG24: 0 | AH24: 0 | AI24: 0 | AJ24: 0 | AK24: 0 | AL24: 0 | AM24: 0 | AN24: 0 | AO24: 0 | AP24: =SUM(AD24:AO24) -> 8.4
C25: NOGALES | D25: 0 | E25: 0 | F25: 0 | G25: 0 | H25: 0 | I25: 0 | J25: 0 | K25: 0 | L25: 4 | M25: 0 | N25: 0.2 | O25: 0 | P25: =SUM(D25:F25) -> 0 | Q25: 0 | R25: 2 | S25: 0 | T25: 2 | U25: 2 | V25: 0 | W25: 2 | X25: 0 | Y25: 0 | Z25: 4 | AA25: 0 | AB25: 2.1 | AC25: =SUM(Q25:S25) -> 2 | AD25: 0 | AE25: 4 | AF25: 0 | AG25: 0 | AH25: 0 | AI25: 0 | AJ25: 0 | AK25: 0 | AL25: 0 | AM25: 0 | AN25: 0 | AO25: 0 | AP25: =SUM(AD25:AO25) -> 4
C26: OBREGON | D26: 0 | E26: 0 | F26: 0 | G26: 0 | H26: 0 | I26: 0 | J26: 0 | K26: 0 | L26: 1.5 | M26: 4 | N26: 0 | O26: 0.1 | P26: =SUM(D26:F26) -> 0 | Q26: 2 | R26: 2 | S26: 2 | T26: 2 | U26: 4 | V26: 0 | W26: 4 | X26: 0 | Y26: 4.1 | Z26: 4 | AA26: 2 | AB26: 0.1 | AC26: =SUM(Q26:S26) -> 6 | AD26: 2 | AE26: 2 | AF26: 0 | AG26: 0 | AH26: 0 | AI26: 0 | AJ26: 0 | AK26: 0 | AL26: 0 | AM26: 0 | AN26: 0 | AO26: 0 | AP26: =SUM(AD26:AO26) -> 4
B27: SONORA TOTAL | D27: =SUM(D23:D26) -> 0 | E27: =SUM(E23:E26) -> 0 | F27: =SUM(F23:F26) -> 0 | G27: =SUM(G23:G26) -> 0 | H27: =SUM(H23:H26) -> 0 | I27: =SUM(I23:I26) -> 0 | J27: =SUM(J23:J26) -> 0 | K27: =SUM(K23:K26) -> 0 | ... AP27: =SUM(AP23:AP26) -> 42.4
A28: PACIFICO TOTAL | D28: =D5+D10+D17+D22+D27 -> 0 | E28: =E5+E10+E17+E22+E27 -> 0 | F28: =F5+F10+F17+F22+F27 -> 0 | G28: =G5+G10+G17+G22+G27 -> 0 | H28: =H5+H10+H17+H22+H27 -> 0 | I28: =I5+I10+I17+I22+I27 -> 0 | J28: =J5+J10+J17+J22+J27 -> 0 | K28: =K5+K10+K17+K22+K27 -> 0 | ... AP28: =AP5+AP10+AP17+AP22+AP27 -> 466.425
A29: NORESTE | B29: SLP-ZAC | C29: SAN LUIS | D29: 0 | E29: 0 | F29: 0 | G29: 0 | H29: 0 | I29: 0 | J29: 0 | K29: 0 | L29: 9 | M29: 9 | N29: 22.7 | O29: 11.9 | P29: =SUM(D29:F29) -> 0 | Q29: 7.15 | R29: 9 | S29: 4.5 | T29: 11.25 | U29: 4.5 | V29: 11.25 | W29: 13.8 | X29: 18 | Y29: 15.95 | Z29: 18 | AA29: 11.25 | AB29: 13.7 | AC29: =SUM(Q29:S29) -> 20.65 | AD29: 15.85 | AE29: 24.75 | AF29: 0 | AG29: 0 | AH29: 0 | AI29: 0 | AJ29: 0 | AK29: 0 | AL29: 0 | AM29: 0 | AN29: 0 | AO29: 0 | AP29: =SUM(AD29:AO29) -> 40.6
C30: ZACATECAS | D30: 0 | E30: 0 | F30: 0 | G30: 0 | H30: 0 | I30: 0 | J30: 0 | K30: 0 | L30: 5 | M30: 2.25 | N30: 2.25 | O30: 0 | P30: =SUM(D30:F30) -> 0 | Q30: 0.2 | R30: 8.975 | S30: 6.75 | T30: 0 | U30: 6.75 | V30: 4.5 | W30: 2.45 | X30: 2.25 | Y30: 9 | Z30: 2.25 | AA30: 4.5 | AB30: 2.25 | AC30: =SUM(Q30:S30) -> 15.925 | AD30: 4.6 | AE30: 4.5 | AF30: 0 | AG30: 0 | AH30: 0 | AI30: 0 | AJ30: 0 | AK30: 0 | AL30: 0 | AM30: 0 | AN30: 0 | AO30: 0 | AP30: =SUM(AD30:AO30) -> 9.1
B31: SLP-ZAC TOTAL | D31: =SUM(D29:D30) -> 0 | E31: =SUM(E29:E30) -> 0 | F31: =SUM(F29:F30) -> 0 | G31: =SUM(G29:G30) -> 0 | H31: =SUM(H29:H30) -> 0 | I31: =SUM(I29:I30) -> 0 | J31: =SUM(J29:J30) -> 0 | K31: =SUM(K29:K30) -> 0 | ... AP31: =SUM(AP29:AP30) -> 49.7
B32: COAHUILA-DURANGO | C32: DURANGO | D32: 0 | E32: 0 | F32: 0 | G32: 0 | H32: 0 | I32: 0 | J32: 0 | K32: 0 | L32: 4.5 | M32: 0 | N32: 2.25 | O32: 2.45 | P32: =SUM(D32:F32) -> 0 | Q32: 2.25 | R32: 2.25 | S32: 2.55 | T32: 4.5 | U32: 4.5 | V32: 4.5 | W32: 9.2 | X32: 6.75 | Y32: 4.6 | Z32: 4.5 | AA32: 6.75 | AB32: 4.8 | AC32: =SUM(Q32:S32) -> 7.05 | AD32: 0 | AE32: 6.75 | AF32: 0 | AG32: 0 | AH32: 0 | AI32: 0 | AJ32: 0 | AK32: 0 | AL32: 0 | AM32: 0 | AN32: 0 | AO32: 0 | AP32: =SUM(AD32:AO32) -> 6.75
C33: MONCLOVA | D33: 0 | E33: 0 | F33: 0 | G33: 0 | H33: 0 | I33: 0 | J33: 0 | K33: 0 | L33: 8.75 | M33: 0 | N33: 2.25 | O33: 9 | P33: =SUM(D33:F33) -> 0 | Q33: 2.45 | R33: 13.5 | S33: 11.25 | T33: 4.5 | U33: 6.75 | V33: 4.5 | W33: 9 | X33: 4.5 | Y33: 8.5 | Z33: 9 | AA33: 6.75 | AB33: 9 | AC33: =SUM(Q33:S33) -> 27.2 | AD33: 2.25 | AE33: 6.75 | AF33: 0 | AG33: 0 | AH33: 0 | AI33: 0 | AJ33: 0 | AK33: 0 | AL33: 0 | AM33: 0 | AN33: 0 | AO33: 0 | AP33: =SUM(AD33:AO33) -> 9
C34: PIEDRAS NEGRAS | D34: 0 | E34: 0 | F34: 0 | G34: 0 | H34: 0 | I34: 0 | J34: 0 | K34: 0 | L34: 0 | M34: 0 | N34: 0.1 | O34: 0 | P34: =SUM(D34:F34) -> 0 | Q34: 0 | R34: 0 | S34: 0.1 | T34: 0 | U34: 0 | V34: 0.1 | W34: 0 | X34: 0.1 | Y34: 0 | Z34: 0 | AA34: 0.3 | AB34: 0 | AC34: =SUM(Q34:S34) -> 0.1 | AD34: 0 | AE34: 0 | AF34: 0 | AG34: 0 | AH34: 0 | AI34: 0 | AJ34: 0 | AK34: 0 | AL34: 0 | AM34: 0 | AN34: 0 | AO34: 0 | AP34: =SUM(AD34:AO34) -> 0
C35: SALTILLO | D35: 0 | E35: 0 | F35: 0 | G35: 0 | H35: 0 | I35: 0 | J35: 0 | K35: 0 | L35: 3.4 | M35: 4.275 | N35: 12.4 | O35: 8.85 | P35: =SUM(D35:F35) -> 0 | Q35: 8.45 | R35: 8.45 | S35: 11.2 | T35: 15.7 | U35: 4.4 | V35: 8.95 | W35: 15.6 | X35: 17.2 | Y35: 10.85 | Z35: 11.05 | AA35: 11.45 | AB35: 15.7 | AC35: =SUM(Q35:S35) -> 28.1 | AD35: 8.5 | AE35: 18 | AF35: 0 | AG35: 0 | AH35: 0 | AI35: 0 | AJ35: 0 | AK35: 0 | AL35: 0 | AM35: 0 | AN35: 0 | AO35: 0 | AP35: =SUM(AD35:AO35) -> 26.5
C36: TORREON | D36: 0 | E36: 0 | F36: 0 | G36: 0 | H36: 0 | I36: 0 | J36: 0 | K36: 0 | L36: 4.4 | M36: 4.5 | N36: 4.2 | O36: 0 | P36: =SUM(D36:F36) -> 0 | Q36: 8.6 | R36: 6 | S36: 0 | T36: 2 | U36: 12.1 | V36: 2 | W36: 2 | X36: 4 | Y36: 4.3 | Z36: 10 | AA36: 4 | AB36: 6 | AC36: =SUM(Q36:S36) -> 14.6 | AD36: 2.3 | AE36: 6 | AF36: 0 | AG36: 0 | AH36: 0 | AI36: 0 | AJ36: 0 | AK36: 0 | AL36: 0 | AM36: 0 | AN36: 0 | AO36: 0 | AP36: =SUM(AD36:AO36) -> 8.3
B37: COAHUILA-DURANGO TOTAL | D37: =SUM(D32:D36) -> 0 | E37: =SUM(E32:E36) -> 0 | F37: =SUM(F32:F36) -> 0 | G37: =SUM(G32:G36) -> 0 | H37: =SUM(H32:H36) -> 0 | I37: =SUM(I32:I36) -> 0 | J37: =SUM(J32:J36) -> 0 | K37: =SUM(K32:K36) -> 0 | ... AP37: =SUM(AP32:AP36) -> 50.55
B38: TAMPS-VER | C38: MATAMOROS | D38: 0 | E38: 0 | F38: 0 | G38: 0 | H38: 0 | I38: 0 | J38: 0 | K38: 0 | L38: 4.5 | M38: 4.5 | N38: 9.2 | O38: 15.65 | P38: =SUM(D38:F38) -> 0 | Q38: 20.25 | R38: 13.5 | S38: 18 | T38: 13 | U38: 31.5 | V38: 24.65 | W38: 24.75 | X38: 15.75 | Y38: 15.75 | Z38: 18 | AA38: 15.75 | AB38: 13.5 | AC38: =SUM(Q38:S38) -> 51.75 | AD38: 6.75 | AE38: 8.45 | AF38: 0 | AG38: 0 | AH38: 0 | AI38: 0 | AJ38: 0 | AK38: 0 | AL38: 0 | AM38: 0 | AN38: 0 | AO38: 0 | AP38: =SUM(AD38:AO38) -> 15.2
C39: N LAREDO | D39: 0 | E39: 0 | F39: 0 | G39: 0 | H39: 0 | I39: 0 | J39: 0 | K39: 0 | L39: 4.4 | M39: 4.4 | N39: 2.2 | O39: 11.1 | P39: =SUM(D39:F39) -> 0 | Q39: 6.6 | R39: 13.2 | S39: 13.3 | T39: 6.75 | U39: 6.6 | V39: 4.375 | W39: 12 | X39: 6 | Y39: 4 | Z39: 10 | AA39: 0.1 | AB39: 0.2 | AC39: =SUM(Q39:S39) -> 33.1 | AD39: 2.1 | AE39: 0 | AF39: 0 | AG39: 0 | AH39: 0 | AI39: 0 | AJ39: 0 | AK39: 0 | AL39: 0 | AM39: 0 | AN39: 0 | AO39: 0 | AP39: =SUM(AD39:AO39) -> 2.1
C40: POZARICA | D40: 0 | E40: 0 | F40: 0 | G40: 0 | H40: 0 | I40: 0 | J40: 0 | K40: 0 | L40: 4 | M40: 0 | N40: 3.975 | O40: 0.1 | P40: =SUM(D40:F40) -> 0 | Q40: 0 | R40: 4 | S40: 8 | T40: 17.975 | U40: 9.975 | V40: 0 | W40: 20 | X40: 6 | Y40: 12.075 | Z40: 6 | AA40: 14 | AB40: 10.1 | AC40: =SUM(Q40:S40) -> 12 | AD40: 12.1 | AE40: 15.975 | AF40: 0 | AG40: 0 | AH40: 0 | AI40: 0 | AJ40: 0 | AK40: 0 | AL40: 0 | AM40: 0 | AN40: 0 | AO40: 0 | AP40: =SUM(AD40:AO40) -> 28.075
C41: REYNOSA | D41: 0 | E41: 0 | F41: 0 | G41: 0 | H41: 0 | I41: 0 | J41: 0 | K41: 0 | L41: 4.5 | M41: 4.5 | N41: 0.2 | O41: 2.25 | P41: =SUM(D41:F41) -> 0 | Q41: 2.25 | R41: 2.175 | S41: 4.6 | T41: 4.5 | U41: 2.25 | V41: 9.1 | W41: 4.5 | X41: 2.25 | Y41: 6.75 | Z41: 6.85 | AA41: 6.75 | AB41: 9 | AC41: =SUM(Q41:S41) -> 9.025 | AD41: 2.35 | AE41: 2.25 | AF41: 0 | AG41: 0 | AH41: 0 | AI41: 0 | AJ41: 0 | AK41: 0 | AL41: 0 | AM41: 0 | AN41: 0 | AO41: 0 | AP41: =SUM(AD41:AO41) -> 4.6
C42: TAMPICO | D42: 0 | E42: 0 | F42: 0 | G42: 0 | H42: 0 | I42: 0 | J42: 0 | K42: 0 | L42: 4 | M42: 47.325 | N42: 36.2 | O42: 14 | P42: =SUM(D42:F42) -> 0 | Q42: 6.1 | R42: 14 | S42: 14.4 | T42: 22 | U42: 17.4 | V42: 14 | W42: 40 | X42: 32.1 | Y42: 10.2 | Z42: 30.2 | AA42: 24.1 | AB42: 12.1 | AC42: =SUM(Q42:S42) -> 34.5 | AD42: 14 | AE42: 34 | AF42: 0 | AG42: 0 | AH42: 0 | AI42: 0 | AJ42: 0 | AK42: 0 | AL42: 0 | AM42: 0 | AN42: 0 | AO42: 0 | AP42: =SUM(AD42:AO42) -> 48
C43: VICTORIA | D43: 0 | E43: 0 | F43: 0 | G43: 0 | H43: 0 | I43: 0 | J43: 0 | K43: 0 | L43: 4.5 | M43: 9 | N43: 9 | O43: 11.45 | P43: =SUM(D43:F43) -> 0 | Q43: 6.75 | R43: 4.5 | S43: 20.35 | T43: 6.75 | U43: 15.75 | V43: 9 | W43: 4.5 | X43: 8.8 | Y43: 13.5 | Z43: 11.35 | AA43: 13.5 | AB43: 6.75 | AC43: =SUM(Q43:S43) -> 31.6 | AD43: 10.75 | AE43: 15.75 | AF43: 0 | AG43: 0 | AH43: 0 | AI43: 0 | AJ43: 0 | AK43: 0 | AL43: 0 | AM43: 0 | AN43: 0 | AO43: 0 | AP43: =SUM(AD43:AO43) -> 26.5
B44: TAMPS-VER TOTAL | D44: =SUM(D38:D43) -> 0 | E44: =SUM(E38:E43) -> 0 | F44: =SUM(F38:F43) -> 0 | G44: =SUM(G38:G43) -> 0 | H44: =SUM(H38:H43) -> 0 | I44: =SUM(I38:I43) -> 0 | J44: =SUM(J38:J43) -> 0 | K44: =SUM(K38:K43) -> 0 | ... AP44: =SUM(AP38:AP43) -> 124.475
B45: BAJIO | C45: AGUASCALIENTES | D45: 0 | E45: 0 | F45: 0 | G45: 0 | H45: 0 | I45: 0 | J45: 0 | K45: 0 | L45: 4.5 | M45: 11.25 | N45: 2.25 | O45: 4.6 | P45: =SUM(D45:F45) -> 0 | Q45: 0.2 | R45: 4 | S45: 6 | T45: 4 | U45: 8 | V45: 8.1 | W45: 10.3 | X45: 10 | Y45: 6.3 | Z45: 14 | AA45: 4 | AB45: 6 | AC45: =SUM(Q45:S45) -> 10.2 | AD45: 8.2 | AE45: 16 | AF45: 0 | AG45: 0 | AH45: 0 | AI45: 0 | AJ45: 0 | AK45: 0 | AL45: 0 | AM45: 0 | AN45: 0 | AO45: 0 | AP45: =SUM(AD45:AO45) -> 24.2
C46: CELAYA | D46: 0 | E46: 0 | F46: 0 | G46: 0 | H46: 0 | I46: 0 | J46: 0 | K46: 0 | L46: 4.5 | M46: 2.25 | N46: 3.675 | O46: 0.2 | P46: =SUM(D46:F46) -> 0 | Q46: 4.5 | R46: 0 | S46: 4.6 | T46: 2.25 | U46: 4.5 | V46: 4.5 | W46: 4.5 | X46: 6 | Y46: 6.2 | Z46: 2 | AA46: 6 | AB46: 8 | AC46: =SUM(Q46:S46) -> 9.1 | AD46: 12.2 | AE46: 6 | AF46: 0 | AG46: 0 | AH46: 0 | AI46: 0 | AJ46: 0 | AK46: 0 | AL46: 0 | AM46: 0 | AN46: 0 | AO46: 0 | AP46: =SUM(AD46:AO46) -> 18.2
C47: IRAPUATO | D47: 0 | E47: 0 | F47: 0 | G47: 0 | H47: 0 | I47: 0 | J47: 0 | K47: 0 | L47: 4.5 | M47: 3.9 | N47: 2.175 | O47: 4.7 | P47: =SUM(D47:F47) -> 0 | Q47: 8.9 | R47: 9 | S47: 2.7 | T47: 2.25 | U47: 2.225 | V47: 6.75 | W47: 6.55 | X47: 9 | Y47: 2.35 | Z47: 2.15 | AA47: 2.25 | AB47: 4.4 | AC47: =SUM(Q47:S47) -> 20.6 | AD47: 2.35 | AE47: 8.95 | AF47: 0 | AG47: 0 | AH47: 0 | AI47: 0 | AJ47: 0 | AK47: 0 | AL47: 0 | AM47: 0 | AN47: 0 | AO47: 0 | AP47: =SUM(AD47:AO47) -> 11.3
C48: LEON | D48: 0 | E48: 0 | F48: 0 | G48: 0 | H48: 0 | I48: 0 | J48: 0 | K48: 0 | L48: 13 | M48: 2 | N48: 0 | O48: 4.7 | P48: =SUM(D48:F48) -> 0 | Q48: 37.95 | R48: 4.25 | S48: 4.7 | T48: 9 | U48: 8.75 | V48: 20.7 | W48: 24.55 | X48: 20.75 | Y48: 6.35 | Z48: 20.5 | AA48: 14.4 | AB48: 16.75 | AC48: =SUM(Q48:S48) -> 46.9 | AD48: 27.35 | AE48: 26.25 | AF48: 0 | AG48: 0 | AH48: 0 | AI48: 0 | AJ48: 0 | AK48: 0 | AL48: 0 | AM48: 0 | AN48: 0 | AO48: 0 | AP48: =SUM(AD48:AO48) -> 53.6
C49: SALAMANCA | D49: 0 | E49: 0 | F49: 0 | G49: 0 | H49: 0 | I49: 0 | J49: 0 | K49: 0 | L49: 9 | M49: 4.5 | N49: 4.7 | O49: 0 | P49: =SUM(D49:F49) -> 0 | Q49: 0 | R49: 15.75 | S49: 15.75 | T49: 4.6 | U49: 9 | V49: 0 | W49: 9 | X49: 2.25 | Y49: 11.25 | Z49: 6.75 | AA49: 6.85 | AB49: 0 | AC49: =SUM(Q49:S49) -> 31.5 | AD49: 0 | AE49: 2.25 | AF49: 0 | AG49: 0 | AH49: 0 | AI49: 0 | AJ49: 0 | AK49: 0 | AL49: 0 | AM49: 0 | AN49: 0 | AO49: 0 | AP49: =SUM(AD49:AO49) -> 2.25
B50: BAJIO TOTAL | D50: =SUM(D45:D49) -> 0 | E50: =SUM(E45:E49) -> 0 | F50: =SUM(F45:F49) -> 0 | G50: =SUM(G45:G49) -> 0 | H50: =SUM(H45:H49) -> 0 | I50: =SUM(I45:I49) -> 0 | J50: =SUM(J45:J49) -> 0 | K50: =SUM(K45:K49) -> 0 | ... AP50: =SUM(AP45:AP49) -> 109.55
B51: NUEVO LEON | C51: MTY | D51: 0 | E51: 0 | F51: 0 | G51: 0 | H51: 0 | I51: 0 | J51: 0 | K51: 0 | L51: 19.8 | M51: 92.5 | N51: 71.7 | O51: 40.7 | P51: =SUM(D51:F51) -> 0 | Q51: 59.9 | R51: 26.45 | S51: 56.475 | T51: 59.7 | U51: 64.8 | V51: 48.6 | W51: 68.55 | X51: 44.8 | Y51: 77.2 | Z51: 103.9 | AA51: 52.3 | AB51: 44.6 | AC51: =SUM(Q51:S51) -> 142.825 | AD51: 40.8 | AE51: 102.2 | AF51: 0 | AG51: 0 | AH51: 0 | AI51: 0 | AJ51: 0 | AK51: 0 | AL51: 0 | AM51: 0 | AN51: 0 | AO51: 0 | AP51: =SUM(AD51:AO51) -> 143
B52: NUEVO LEON TOTAL | D52: =SUM(D51) -> 0 | E52: =SUM(E51) -> 0 | F52: =SUM(F51) -> 0 | G52: =SUM(G51) -> 0 | H52: =SUM(H51) -> 0 | I52: =SUM(I51) -> 0 | J52: =SUM(J51) -> 0 | K52: =SUM(K51) -> 0 | ... AP52: =SUM(AP51) -> 143
A53: NORESTE TOTAL | D53: =D31+D37+D44+D50+D52 -> 0 | E53: =E31+E37+E44+E50+E52 -> 0 | F53: =F31+F37+F44+F50+F52 -> 0 | G53: =G31+G37+G44+G50+G52 -> 0 | H53: =H31+H37+H44+H50+H52 -> 0 | I53: =I31+I37+I44+I50+I52 -> 0 | J53: =J31+J37+J44+J50+J52 -> 0 | K53: =K31+K37+K44+K50+K52 -> 0 | ... AP53: =AP31+AP37+AP44+AP50+AP52 -> 477.275
A54: CENTRO | B54: ESTADO DE MEXICO | C54: METEPEC & TOLUCA | D54: 0 | E54: 0 | F54: 0 | G54: 0 | H54: 0 | I54: 0 | J54: 0 | K54: 0 | L54: 10.5 | M54: 16.75 | N54: 19.65 | O54: 8.5 | P54: =SUM(D54:F54) -> 0 | Q54: 15.45 | R54: 17.25 | S54: 28.05 | T54: 15.25 | U54: 30.6 | V54: 25.25 | W54: 6 | X54: 11 | Y54: 19.1 | Z54: 12.85 | AA54: 6.7 | AB54: 6.55 | AC54: =SUM(Q54:S54) -> 60.75 | AD54: 19 | AE54: 23.25 | AF54: 0 | AG54: 0 | AH54: 0 | AI54: 0 | AJ54: 0 | AK54: 0 | AL54: 0 | AM54: 0 | AN54: 0 | AO54: 0 | AP54: =SUM(AD54:AO54) -> 42.25
B55: ESTADO DE MEXICO TOTAL | D55: =SUM(D54) -> 0 | E55: =SUM(E54) -> 0 | F55: =SUM(F54) -> 0 | G55: =SUM(G54) -> 0 | H55: =SUM(H54) -> 0 | I55: =SUM(I54) -> 0 | J55: =SUM(J54) -> 0 | K55: =SUM(K54) -> 0 | ... AP55: =SUM(AP54) -> 42.25
B56: GUERRERO - MORELOS | C56: ACAPULCO | D56: 0 | E56: 0 | F56: 0 | G56: 0 | H56: 0 | I56: 0 | J56: 0 | K56: 0 | L56: 8 | M56: 8 | N56: 8.3 | O56: 10.05 | P56: =SUM(D56:F56) -> 0 | Q56: 10.2 | R56: 17.975 | S56: 27.675 | T56: 35 | U56: 34 | V56: 24.95 | W56: 14.1 | X56: 19.975 | Y56: 22 | Z56: 36 | AA56: 12.3 | AB56: 22.1 | AC56: =SUM(Q56:S56) -> 55.85 | AD56: 30.1 | AE56: 14 | AF56: 0 | AG56: 0 | AH56: 0 | AI56: 0 | AJ56: 0 | AK56: 0 | AL56: 0 | AM56: 0 | AN56: 0 | AO56: 0 | AP56: =SUM(AD56:AO56) -> 44.1
C57: CUAUTLA | D57: 0 | E57: 0 | F57: 0 | G57: 0 | H57: 0 | I57: 0 | J57: 0 | K57: 0 | L57: 16 | M57: 30 | N57: 16.175 | O57: 15.95 | P57: =SUM(D57:F57) -> 0 | Q57: 35.95 | R57: 19.925 | S57: 32.3 | T57: 15.975 | U57: 35.8 | V57: 15.9 | W57: 12 | X57: 8 | Y57: 8.1 | Z57: 24 | AA57: 12.4 | AB57: 14.1 | AC57: =SUM(Q57:S57) -> 88.175 | AD57: 12 | AE57: 6 | AF57: 0 | AG57: 0 | AH57: 0 | AI57: 0 | AJ57: 0 | AK57: 0 | AL57: 0 | AM57: 0 | AN57: 0 | AO57: 0 | AP57: =SUM(AD57:AO57) -> 18
C58: CUERNAVACA | D58: 0 | E58: 0 | F58: 0 | G58: 0 | H58: 0 | I58: 0 | J58: 0 | K58: 0 | L58: 4 | M58: 8 | N58: 18.4 | O58: 2 | P58: =SUM(D58:F58) -> 0 | Q58: 14.1 | R58: 10 | S58: 11 | T58: 14 | U58: 20.8 | V58: 22 | W58: 22 | X58: 16 | Y58: 14.2 | Z58: 34 | AA58: 14.7 | AB58: 12.1 | AC58: =SUM(Q58:S58) -> 35.1 | AD58: 12.075 | AE58: 39.6 | AF58: 0 | AG58: 0 | AH58: 0 | AI58: 0 | AJ58: 0 | AK58: 0 | AL58: 0 | AM58: 0 | AN58: 0 | AO58: 0 | AP58: =SUM(AD58:AO58) -> 51.675
B59: GUERRERO - MORELOS TOTAL | D59: =SUM(D56:D58) -> 0 | E59: =SUM(E56:E58) -> 0 | F59: =SUM(F56:F58) -> 0 | G59: =SUM(G56:G58) -> 0 | H59: =SUM(H56:H58) -> 0 | I59: =SUM(I56:I58) -> 0 | J59: =SUM(J56:J58) -> 0 | K59: =SUM(K56:K58) -> 0 | ... AP59: =SUM(AP56:AP58) -> 113.775
B60: METRO DF | C60: DF | D60: 0 | E60: 0 | F60: 0 | G60: 0 | H60: 0 | I60: 0 | J60: 0 | K60: 0 | L60: 84 | M60: 170.2 | N60: 124.1 | O60: 133.575 | P60: =SUM(D60:F60) -> 0 | Q60: 166.5 | R60: 150.925 | S60: 195.55 | T60: 181.675 | U60: 297.2 | V60: 220.825 | W60: 356.1 | X60: 236.45 | Y60: 235.05 | Z60: 250.55 | AA60: 236.45 | AB60: 244.4 | AC60: =SUM(Q60:S60) -> 512.975 | AD60: 187.925 | AE60: 346.875 | AF60: 0 | AG60: 0 | AH60: 0 | AI60: 0 | AJ60: 0 | AK60: 0 | AL60: 0 | AM60: 0 | AN60: 0 | AO60: 0 | AP60: =SUM(AD60:AO60) -> 534.8
B61: METRO DF TOTAL | D61: =SUM(D60) -> 0 | E61: =SUM(E60) -> 0 | F61: =SUM(F60) -> 0 | G61: =SUM(G60) -> 0 | H61: =SUM(H60) -> 0 | I61: =SUM(I60) -> 0 | J61: =SUM(J60) -> 0 | K61: =SUM(K60) -> 0 | ... AP61: =SUM(AP60) -> 534.8
B62: MICHOACAN | C62: MORELIA | D62: 0 | E62: 0 | F62: 0 | G62: 0 | H62: 0 | I62: 0 | J62: 0 | K62: 0 | L62: 0 | M62: 11.25 | N62: 4.7 | O62: 0 | P62: =SUM(D62:F62) -> 0 | Q62: 4.7 | R62: 4.45 | S62: 6.75 | T62: 6.625 | U62: 9 | V62: 4.7 | W62: 9.125 | X62: 0.1 | Y62: 9 | Z62: 0 | AA62: 2.55 | AB62: 4.375 | AC62: =SUM(Q62:S62) -> 15.9 | AD62: 6.725 | AE62: 0 | AF62: 0 | AG62: 0 | AH62: 0 | AI62: 0 | AJ62: 0 | AK62: 0 | AL62: 0 | AM62: 0 | AN62: 0 | AO62: 0 | AP62: =SUM(AD62:AO62) -> 6.725
C63: URUAPAN | D63: 0 | E63: 0 | F63: 0 | G63: 0 | H63: 0 | I63: 0 | J63: 0 | K63: 0 | L63: 4 | M63: 4 | N63: 0 | O63: 2 | P63: =SUM(D63:F63) -> 0 | Q63: 2.2 | R63: 2 | S63: 6 | T63: 4 | U63: 8 | V63: 2 | W63: 8 | X63: 2 | Y63: 4.1 | Z63: 6 | AA63: 2 | AB63: 6 | AC63: =SUM(Q63:S63) -> 10.2 | AD63: 6 | AE63: 13.825 | AF63: 0 | AG63: 0 | AH63: 0 | AI63: 0 | AJ63: 0 | AK63: 0 | AL63: 0 | AM63: 0 | AN63: 0 | AO63: 0 | AP63: =SUM(AD63:AO63) -> 19.825
C64: ZAMORA | D64: 0 | E64: 0 | F64: 0 | G64: 0 | H64: 0 | I64: 0 | J64: 0 | K64: 0 | L64: 0 | M64: 10 | N64: 0.1 | O64: 0 | P64: =SUM(D64:F64) -> 0 | Q64: 0.2 | R64: 0 | S64: 10 | T64: 0 | U64: 6 | V64: 0.1 | W64: 2 | X64: 2.2 | Y64: 22 | Z64: 2 | AA64: 2 | AB64: 2 | AC64: =SUM(Q64:S64) -> 10.2 | AD64: 2.3 | AE64: 6 | AF64: 0 | AG64: 0 | AH64: 0 | AI64: 0 | AJ64: 0 | AK64: 0 | AL64: 0 | AM64: 0 | AN64: 0 | AO64: 0 | AP64: =SUM(AD64:AO64) -> 8.3
B65: MICHOACAN TOTAL | D65: =SUM(D62:D64) -> 0 | E65: =SUM(E62:E64) -> 0 | F65: =SUM(F62:F64) -> 0 | G65: =SUM(G62:G64) -> 0 | H65: =SUM(H62:H64) -> 0 | I65: =SUM(I62:I64) -> 0 | J65: =SUM(J62:J64) -> 0 | K65: =SUM(K62:K64) -> 0 | ... AP65: =SUM(AP62:AP64) -> 34.85
B66: QUERETARO - HIDALGO | C66: PACHUCA | D66: 0 | E66: 0 | F66: 0 | G66: 0 | H66: 0 | I66: 0 | J66: 0 | K66: 0 | L66: 4 | M66: 6 | N66: 8 | O66: 4.2 | P66: =SUM(D66:F66) -> 0 | Q66: 2.2 | R66: 4.4 | S66: 11.3 | T66: 4.4 | U66: 8.9 | V66: 15.4 | W66: 17 | X66: 12 | Y66: 10.2 | Z66: 14 | AA66: 10.4 | AB66: 6 | AC66: =SUM(Q66:S66) -> 17.9 | AD66: 12 | AE66: 18 | AF66: 0 | AG66: 0 | AH66: 0 | AI66: 0 | AJ66: 0 | AK66: 0 | AL66: 0 | AM66: 0 | AN66: 0 | AO66: 0 | AP66: =SUM(AD66:AO66) -> 30
C67: QUERETARO | D67: 0 | E67: 0 | F67: 0 | G67: 0 | H67: 0 | I67: 0 | J67: 0 | K67: 0 | L67: 11 | M67: 10 | N67: 22.7 | O67: 15 | P67: =SUM(D67:F67) -> 0 | Q67: 0.4 | R67: 4.4 | S67: 15.7 | T67: 6.6 | U67: 13 | V67: 8.4 | W67: 20.1 | X67: 15.4 | Y67: 22.4 | Z67: 9.3 | AA67: 18.9 | AB67: 16 | AC67: =SUM(Q67:S67) -> 20.5 | AD67: 15.3 | AE67: 16 | AF67: 0 | AG67: 0 | AH67: 0 | AI67: 0 | AJ67: 0 | AK67: 0 | AL67: 0 | AM67: 0 | AN67: 0 | AO67: 0 | AP67: =SUM(AD67:AO67) -> 31.3
C68: SAN JUAN | D68: 0 | E68: 0 | F68: 0 | G68: 0 | H68: 0 | I68: 0 | J68: 0 | K68: 0 | L68: 2 | M68: 2 | N68: 0 | O68: 2 | P68: =SUM(D68:F68) -> 0 | Q68: 0 | R68: 0 | S68: 6 | T68: 8 | U68: 8 | V68: 3.975 | W68: 6 | X68: 2 | Y68: 4 | Z68: 8 | AA68: 0 | AB68: 4 | AC68: =SUM(Q68:S68) -> 6 | AD68: 2 | AE68: 6 | AF68: 0 | AG68: 0 | AH68: 0 | AI68: 0 | AJ68: 0 | AK68: 0 | AL68: 0 | AM68: 0 | AN68: 0 | AO68: 0 | AP68: =SUM(AD68:AO68) -> 8
B69: QUERETARO - HIDALGO TOTAL | D69: =SUM(D66:D68) -> 0 | E69: =SUM(E66:E68) -> 0 | F69: =SUM(F66:F68) -> 0 | G69: =SUM(G66:G68) -> 0 | H69: =SUM(H66:H68) -> 0 | I69: =SUM(I66:I68) -> 0 | J69: =SUM(J66:J68) -> 0 | K69: =SUM(K66:K68) -> 0 | ... AP69: =SUM(AP66:AP68) -> 69.3
A70: CENTRO TOTAL | D70: =D55+D59+D61+D65+D69 -> 0 | E70: =E55+E59+E61+E65+E69 -> 0 | F70: =F55+F59+F61+F65+F69 -> 0 | G70: =G55+G59+G61+G65+G69 -> 0 | H70: =H55+H59+H61+H65+H69 -> 0 | I70: =I55+I59+I61+I65+I69 -> 0 | J70: =J55+J59+J61+J65+J69 -> 0 | K70: =K55+K59+K61+K65+K69 -> 0 | ... AP70: =AP55+AP59+AP61+AP65+AP69 -> 794.975
A71: SURESTE | B71: OAXACA | C71: OAXACA | D71: 0 | E71: 0 | F71: 0 | G71: 0 | H71: 0 | I71: 0 | J71: 0 | K71: 0 | L71: 4 | M71: 8 | N71: 8.2 | O71: 12 | P71: =SUM(D71:F71) -> 0 | Q71: 12 | R71: 2 | S71: 14 | T71: 12.2 | U71: 11.6 | V71: 10.1 | W71: 14.1 | X71: 26 | Y71: 8 | Z71: 18 | AA71: 12.2 | AB71: 12 | AC71: =SUM(Q71:S71) -> 28 | AD71: 6.1 | AE71: 12 | AF71: 0 | AG71: 0 | AH71: 0 | AI71: 0 | AJ71: 0 | AK71: 0 | AL71: 0 | AM71: 0 | AN71: 0 | AO71: 0 | AP71: =SUM(AD71:AO71) -> 18.1
B72: OAXACA TOTAL | D72: =SUM(D71) -> 0 | E72: =SUM(E71) -> 0 | F72: =SUM(F71) -> 0 | G72: =SUM(G71) -> 0 | H72: =SUM(H71) -> 0 | I72: =SUM(I71) -> 0 | J72: =SUM(J71) -> 0 | K72: =SUM(K71) -> 0 | ... AP72: =SUM(AP71) -> 18.1
B73: PENINSULA | C73: CAMPECHE | D73: 0 | E73: 0 | F73: 0 | G73: 0 | H73: 0 | I73: 0 | J73: 0 | K73: 0 | L73: 4 | M73: 0 | N73: 2.2 | O73: 4 | P73: =SUM(D73:F73) -> 0 | Q73: 6 | R73: 4 | S73: 12.1 | T73: 2.1 | U73: 4 | V73: 4 | W73: 5.95 | X73: 4.1 | Y73: 4.1 | Z73: 5.95 | AA73: 2.2 | AB73: 6 | AC73: =SUM(Q73:S73) -> 22.1 | AD73: 8 | AE73: 6 | AF73: 0 | AG73: 0 | AH73: 0 | AI73: 0 | AJ73: 0 | AK73: 0 | AL73: 0 | AM73: 0 | AN73: 0 | AO73: 0 | AP73: =SUM(AD73:AO73) -> 14
C74: CANCUN | D74: 0 | E74: 0 | F74: 0 | G74: 0 | H74: 0 | I74: 0 | J74: 0 | K74: 0 | L74: 6 | M74: 8 | N74: 13.975 | O74: 8.5 | P74: =SUM(D74:F74) -> 0 | Q74: 10.2 | R74: 12 | S74: 16.3 | T74: 8 | U74: 4.1 | V74: 6.1 | W74: 6.1 | X74: 12 | Y74: 9.45 | Z74: 14.1 | AA74: 12.8 | AB74: 18.1 | AC74: =SUM(Q74:S74) -> 38.5 | AD74: 1.2 | AE74: 14 | AF74: 0 | AG74: 0 | AH74: 0 | AI74: 0 | AJ74: 0 | AK74: 0 | AL74: 0 | AM74: 0 | AN74: 0 | AO74: 0 | AP74: =SUM(AD74:AO74) -> 15.2
C75: CHETUMAL | D75: 0 | E75: 0 | F75: 0 | G75: 0 | H75: 0 | I75: 0 | J75: 0 | K75: 0 | L75: 4 | M75: 1.95 | N75: 4.2 | O75: 0 | P75: =SUM(D75:F75) -> 0 | Q75: 6 | R75: 2 | S75: 4.15 | T75: 0 | U75: 5.25 | V75: 2.1 | W75: 0 | X75: 6.075 | Y75: 4 | Z75: 1.975 | AA75: 9.6 | AB75: 0.1 | AC75: =SUM(Q75:S75) -> 12.15 | AD75: 1.1 | AE75: 4 | AF75: 0 | AG75: 0 | AH75: 0 | AI75: 0 | AJ75: 0 | AK75: 0 | AL75: 0 | AM75: 0 | AN75: 0 | AO75: 0 | AP75: =SUM(AD75:AO75) -> 5.1
C76: MERIDA | D76: 0 | E76: 0 | F76: 0 | G76: 0 | H76: 0 | I76: 0 | J76: 0 | K76: 0 | L76: 4 | M76: 46 | N76: 29.325 | O76: 48.1 | P76: =SUM(D76:F76) -> 0 | Q76: 36.2 | R76: 6 | S76: 16.75 | T76: 20 | U76: 12 | V76: 10.2 | W76: 22.2 | X76: 12.1 | Y76: 8.1 | Z76: 24.1 | AA76: 6.2 | AB76: 7.8 | AC76: =SUM(Q76:S76) -> 58.95 | AD76: 6.4 | AE76: 14 | AF76: 0 | AG76: 0 | AH76: 0 | AI76: 0 | AJ76: 0 | AK76: 0 | AL76: 0 | AM76: 0 | AN76: 0 | AO76: 0 | AP76: =SUM(AD76:AO76) -> 20.4
C77: PLAYA DEL CARMEN | D77: 0 | E77: 0 | F77: 0 | G77: 0 | H77: 0 | I77: 0 | J77: 0 | K77: 0 | L77: 2 | M77: 2 | N77: 0.2 | O77: 6 | P77: =SUM(D77:F77) -> 0 | Q77: 0.1 | R77: 2 | S77: 4.5 | T77: 2 | U77: 0 | V77: 1.975 | W77: 2 | X77: 2 | Y77: 2.2 | Z77: 2.2 | AA77: 2.3 | AB77: 4 | AC77: =SUM(Q77:S77) -> 6.6 | AD77: 3.1 | AE77: 2.2 | AF77: 0 | AG77: 0 | AH77: 0 | AI77: 0 | AJ77: 0 | AK77: 0 | AL77: 0 | AM77: 0 | AN77: 0 | AO77: 0 | AP77: =SUM(AD77:AO77) -> 5.3
C78: CD DEL CARMEN | D78: 0 | E78: 0 | F78: 0 | G78: 0 | H78: 0 | I78: 0 | J78: 0 | K78: 0 | L78: 6 | M78: 6 | N78: 6.2 | O78: 18 | P78: =SUM(D78:F78) -> 0 | Q78: 2.2 | R78: 0 | S78: 0.1 | T78: 4.1 | U78: 6 | V78: 0 | W78: 6 | X78: 0 | Y78: 4.1 | Z78: 2.1 | AA78: 6 | AB78: 4.1 | AC78: =SUM(Q78:S78) -> 2.3 | AD78: 2 | AE78: 8 | AF78: 0 | AG78: 0 | AH78: 0 | AI78: 0 | AJ78: 0 | AK78: 0 | AL78: 0 | AM78: 0 | AN78: 0 | AO78: 0 | AP78: =SUM(AD78:AO78) -> 10
B79: PENINSULA TOTAL | D79: =SUM(D73:D78) -> 0 | E79: =SUM(E73:E78) -> 0 | F79: =SUM(F73:F78) -> 0 | G79: =SUM(G73:G78) -> 0 | H79: =SUM(H73:H78) -> 0 | I79: =SUM(I73:I78) -> 0 | J79: =SUM(J73:J78) -> 0 | K79: =SUM(K73:K78) -> 0 | ... AP79: =SUM(AP73:AP78) -> 70
B80: PUEBLA - TLAXCALA | C80: PUEBLA | D80: 0 | E80: 0 | F80: 0 | G80: 0 | H80: 0 | I80: 0 | J80: 0 | K80: 0 | L80: 12 | M80: 60 | N80: 26.4 | O80: 27.15 | P80: =SUM(D80:F80) -> 0 | Q80: 38.35 | R80: 31.5 | S80: 48.15 | T80: 38.35 | U80: 33.75 | V80: 56.35 | W80: 70.15 | X80: 60.85 | Y80: 76.9 | Z80: 56.35 | AA80: 61.55 | AB80: 63.3 | AC80: =SUM(Q80:S80) -> 118 | AD80: 47.65 | AE80: 69.75 | AF80: 0 | AG80: 0 | AH80: 0 | AI80: 0 | AJ80: 0 | AK80: 0 | AL80: 0 | AM80: 0 | AN80: 0 | AO80: 0 | AP80: =SUM(AD80:AO80) -> 117.4
C81: TLAXCALA | D81: 0 | E81: 0 | F81: 0 | G81: 0 | H81: 0 | I81: 0 | J81: 0 | K81: 0 | L81: 6.75 | M81: 6 | N81: 6 | O81: 0 | P81: =SUM(D81:F81) -> 0 | Q81: 14.025 | R81: 12 | S81: 6 | T81: 14.2 | U81: 36.45 | V81: 20 | W81: 7.925 | X81: 10 | Y81: 8.3 | Z81: 16 | AA81: 20 | AB81: 12 | AC81: =SUM(Q81:S81) -> 32.025 | AD81: 16.2 | AE81: 12 | AF81: 0 | AG81: 0 | AH81: 0 | AI81: 0 | AJ81: 0 | AK81: 0 | AL81: 0 | AM81: 0 | AN81: 0 | AO81: 0 | AP81: =SUM(AD81:AO81) -> 28.2
C82: TEHUACAN | D82: 0 | E82: 0 | F82: 0 | G82: 0 | H82: 0 | I82: 0 | J82: 0 | K82: 0 | L82: 4 | M82: 0 | N82: 0 | O82: 2 | P82: =SUM(D82:F82) -> 0 | Q82: 0.1 | R82: 2 | S82: 2 | T82: 4 | U82: 8 | V82: 10.1 | W82: 6 | X82: 2 | Y82: 2 | Z82: 6 | AA82: 2 | AB82: 2 | AC82: =SUM(Q82:S82) -> 4.1 | AD82: 4 | AE82: 6 | AF82: 0 | AG82: 0 | AH82: 0 | AI82: 0 | AJ82: 0 | AK82: 0 | AL82: 0 | AM82: 0 | AN82: 0 | AO82: 0 | AP82: =SUM(AD82:AO82) -> 10
B83: PUEBLA - TLAXCALA TOTAL | D83: =SUM(D80:D82) -> 0 | E83: =SUM(E80:E82) -> 0 | F83: =SUM(F80:F82) -> 0 | G83: =SUM(G80:G82) -> 0 | H83: =SUM(H80:H82) -> 0 | I83: =SUM(I80:I82) -> 0 | J83: =SUM(J80:J82) -> 0 | K83: =SUM(K80:K82) -> 0 | ... AP83: =SUM(AP80:AP82) -> 155.6
B84: SUR CHIAPAS | C84: TAPACHULA | D84: 0 | E84: 0 | F84: 0 | G84: 0 | H84: 0 | I84: 0 | J84: 0 | K84: 0 | L84: 3.825 | M84: 4.925 | N84: 4 | O84: 4.1 | P84: =SUM(D84:F84) -> 0 | Q84: 1.825 | R84: 1.9 | S84: 5.925 | T84: 4 | U84: 5.975 | V84: 5.85 | W84: 5.975 | X84: 5.9 | Y84: 6 | Z84: 6 | AA84: 4.1 | AB84: 4 | AC84: =SUM(Q84:S84) -> 9.65 | AD84: 6.025 | AE84: 7.85 | AF84: 0 | AG84: 0 | AH84: 0 | AI84: 0 | AJ84: 0 | AK84: 0 | AL84: 0 | AM84: 0 | AN84: 0 | AO84: 0 | AP84: =SUM(AD84:AO84) -> 13.875
C85: TUXTLA | D85: 0 | E85: 0 | F85: 0 | G85: 0 | H85: 0 | I85: 0 | J85: 0 | K85: 0 | L85: 6 | M85: 0 | N85: 8.2 | O85: 4 | P85: =SUM(D85:F85) -> 0 | Q85: 14 | R85: 4 | S85: 14.3 | T85: 5.8 | U85: 8 | V85: 12 | W85: 14 | X85: 0 | Y85: 4 | Z85: 10.1 | AA85: 8 | AB85: 6.1 | AC85: =SUM(Q85:S85) -> 32.3 | AD85: 16.1 | AE85: 2 | AF85: 0 | AG85: 0 | AH85: 0 | AI85: 0 | AJ85: 0 | AK85: 0 | AL85: 0 | AM85: 0 | AN85: 0 | AO85: 0 | AP85: =SUM(AD85:AO85) -> 18.1
B86: SUR CHIAPAS TOTAL | D86: =SUM(D84:D85) -> 0 | E86: =SUM(E84:E85) -> 0 | F86: =SUM(F84:F85) -> 0 | G86: =SUM(G84:G85) -> 0 | H86: =SUM(H84:H85) -> 0 | I86: =SUM(I84:I85) -> 0 | J86: =SUM(J84:J85) -> 0 | K86: =SUM(K84:K85) -> 0 | ... AP86: =SUM(AP84:AP85) -> 31.975
B87: VERACRUZ TABASCO | C87: COATZACOALCOS | D87: 0 | E87: 0 | F87: 0 | G87: 0 | H87: 0 | I87: 0 | J87: 0 | K87: 0 | L87: 4 | M87: 8 | N87: 11.975 | O87: 6.2 | P87: =SUM(D87:F87) -> 0 | Q87: 6 | R87: 9.875 | S87: 12.2 | T87: 15.55 | U87: 11.675 | V87: 16.1 | W87: 10.7 | X87: 12 | Y87: 13.675 | Z87: 15.925 | AA87: 11.9 | AB87: 14.3 | AC87: =SUM(Q87:S87) -> 28.075 | AD87: 8 | AE87: 15.025 | AF87: 0 | AG87: 0 | AH87: 0 | AI87: 0 | AJ87: 0 | AK87: 0 | AL87: 0 | AM87: 0 | AN87: 0 | AO87: 0 | AP87: =SUM(AD87:AO87) -> 23.025
C88: CORDOBA | D88: 0 | E88: 0 | F88: 0 | G88: 0 | H88: 0 | I88: 0 | J88: 0 | K88: 0 | L88: 4 | M88: 8 | N88: 12.2 | O88: 2 | P88: =SUM(D88:F88) -> 0 | Q88: 6 | R88: 8 | S88: 4.2 | T88: 14.1 | U88: 14 | V88: 8 | W88: 10 | X88: 16.1 | Y88: 12.1 | Z88: 14 | AA88: 24.4 | AB88: 14 | AC88: =SUM(Q88:S88) -> 18.2 | AD88: 14 | AE88: 10 | AF88: 0 | AG88: 0 | AH88: 0 | AI88: 0 | AJ88: 0 | AK88: 0 | AL88: 0 | AM88: 0 | AN88: 0 | AO88: 0 | AP88: =SUM(AD88:AO88) -> 24
C89: VERACRUZ | D89: 0 | E89: 0 | F89: 0 | G89: 0 | H89: 0 | I89: 0 | J89: 0 | K89: 0 | L89: 6 | M89: 4 | N89: 8 | O89: 12.2 | P89: =SUM(D89:F89) -> 0 | Q89: 14 | R89: 4 | S89: 10.2 | T89: 15.925 | U89: 6 | V89: 21.85 | W89: 16.1 | X89: 10 | Y89: 14.1 | Z89: 4.1 | AA89: 14 | AB89: 15 | AC89: =SUM(Q89:S89) -> 28.2 | AD89: 19 | AE89: 12 | AF89: 0 | AG89: 0 | AH89: 0 | AI89: 0 | AJ89: 0 | AK89: 0 | AL89: 0 | AM89: 0 | AN89: 0 | AO89: 0 | AP89: =SUM(AD89:AO89) -> 31
C90: VILLAHERMOSA | D90: 0 | E90: 0 | F90: 0 | G90: 0 | H90: 0 | I90: 0 | J90: 0 | K90: 0 | L90: 5.95 | M90: 3.525 | N90: 6.2 | O90: 6 | P90: =SUM(D90:F90) -> 0 | Q90: 4.1 | R90: 6 | S90: 12.4 | T90: 6 | U90: 2 | V90: 6 | W90: 6.95 | X90: 3.925 | Y90: 5 | Z90: 8 | AA90: 5.3 | AB90: 5 | AC90: =SUM(Q90:S90) -> 22.5 | AD90: 8.8 | AE90: 7.85 | AF90: 0 | AG90: 0 | AH90: 0 | AI90: 0 | AJ90: 0 | AK90: 0 | AL90: 0 | AM90: 0 | AN90: 0 | AO90: 0 | AP90: =SUM(AD90:AO90) -> 16.65
C91: JALAPA | D91: 0 | E91: 0 | F91: 0 | G91: 0 | H91: 0 | I91: 0 | J91: 0 | K91: 0 | L91: 8 | M91: 4 | N91: 20 | O91: 2.2 | P91: =SUM(D91:F91) -> 0 | Q91: 12 | R91: 10 | S91: 10.5 | T91: 16 | U91: 34 | V91: 0 | W91: 30 | X91: 28.1 | Y91: 16.1 | Z91: 20 | AA91: 38.3 | AB91: 32 | AC91: =SUM(Q91:S91) -> 32.5 | AD91: 28.1 | AE91: 34 | AF91: 0 | AG91: 0 | AH91: 0 | AI91: 0 | AJ91: 0 | AK91: 0 | AL91: 0 | AM91: 0 | AN91: 0 | AO91: 0 | AP91: =SUM(AD91:AO91) -> 62.1
B92: VERACRUZ TABASCO TOTAL | D92: =SUM(D87:D91) -> 0 | E92: =SUM(E87:E91) -> 0 | F92: =SUM(F87:F91) -> 0 | G92: =SUM(G87:G91) -> 0 | H92: =SUM(H87:H91) -> 0 | I92: =SUM(I87:I91) -> 0 | J92: =SUM(J87:J91) -> 0 | K92: =SUM(K87:K91) -> 0 | ... AP92: =SUM(AP87:AP91) -> 156.775
A93: SURESTE TOTAL | D93: =D72+D79+D83+D86+D92 -> 0 | E93: =E72+E79+E83+E86+E92 -> 0 | F93: =F72+F79+F83+F86+F92 -> 0 | G93: =G72+G79+G83+G86+G92 -> 0 | H93: =H72+H79+H83+H86+H92 -> 0 | I93: =I72+I79+I83+I86+I92 -> 0 | J93: =J72+J79+J83+J86+J92 -> 0 | K93: =K72+K79+K83+K86+K92 -> 0 | ... AP93: =AP72+AP79+AP83+AP86+AP92 -> 432.45
A94: HD TOTAL | D94: =D28+D53+D70+D93 -> 0 | E94: =E28+E53+E70+E93 -> 0 | F94: =F28+F53+F70+F93 -> 0 | G94: =G28+G53+G70+G93 -> 0 | H94: =H28+H53+H70+H93 -> 0 | I94: =I28+I53+I70+I93 -> 0 | J94: =J28+J53+J70+J93 -> 0 | K94: =K28+K53+K70+K93 -> 0 | ... AP94: =AP28+AP53+AP70+AP93 -> 2171.125

Sheet MS
A2: MEZCLAS SECAS | AQ2: 25 | AR2: 23 | AS2: 26 | AT2: 24 | AU2: 25 | AV2: 26 | AW2: 27 | AX2: 26 | AY2: 25 | AZ2: 26 | BA2: 25 | BB2: 25 | BC2: =SUM(AQ2:AT2) -> 98 | BD2: 25 | BE2: 23 | BF2: 26 | BG2: 24 | BH2: 26 | BI2: 26 | BJ2: 26 | BK2: 27 | BL2: 25 | BM2: 26 | BN2: 25 | BO2: 26 | BP2: =SUM(BD2:BG2) -> 98 | BQ2: 26 | BR2: 23 | BS2: 26 | BT2: 23 | BU2: 26 | BV2: 26 | BW2: 26 | BX2: 27 | BY2: 25 | BZ2: 26 | CA2: 25 | CB2: 25 | CC2: =SUM(BQ2:BT2) -> 98 | CD2: 26 | CE2: 24 | CF2: 23 | CG2: 26 | CH2: 26 | CI2: 25 | CJ2: 27 | CK2: 27 | CL2: 24 | CM2: 26 | CN2: 25 | CO2: 24 | CP2: =SUM(CD2:CG2) -> 99 | CQ2: 26 | CR2: 23 | CS2: 24 | CT2: 24 | CU2: 26 | CV2: 25 | CW2: 27 | CX2: 26 | CY2: 25 | CZ2: 27 | DA2: 24 | DB2: 25 | DC2: =SUM(CQ2:CT2) -> 97 | DD2: 26 | DE2: 23 | DF2: 25 | DG2: 24 | DP2: =SUM(DD2:DO2) -> 98
A3: Region | B3: Gerencia | C3: Plaza | D3: Ene'18 | E3: Feb'18 | F3: Mar'18 | G3: Abr'18 | H3: May'18 | I3: Jun'18 | J3: Jul'18 | K3: Ago'19 | L3: Sep'18 | M3: Oct'18 | N3: Nov'18 | O3: Dic'18 | P3: Acum'18 | Q3: Ene'19 | R3: Feb'19 | S3: Mar'19 | T3: Abr'19 | U3: May'19 | V3: Jun'19 | W3: Jul'19 | X3: Ago'19 | Y3: Sep'19 | Z3: Oct'19 | AA3: Nov'19 | AB3: Dic'19 | AC3: Acum'19 | AD3: Ene'20 | AE3: Feb'20 | AF3: Mar'20 | AG3: Abr'20 | AH3: May'20 | AI3: Jun'20 | AJ3: Jul'20 | AK3: Ago'20 | AL3: Sep'20 | AM3: Oct'20 | AN3: Nov'20 | AO3: Dic'20 | AP3: Acum'20 | AQ3: Ene'21 | AR3: Feb'21 | AS3: Mar'21 | AT3: Abr'21 | AU3: May'21 | AV3: Jun'21 | AW3: Jul'21 | AX3: Ago'21 | AY3: Sep'21 | AZ3: Oct'21 | BA3: Nov'21 | BB3: Dic'21 | BC3: Acum'21 | BD3: Ene'22 | BE3: Feb'22 | BF3: Mar'22 | BG3: Abr'22 | BH3: May'22 | BI3: Jun'22 | BJ3: Jul'22 | BK3: Ago'22 | BL3: Sep'22 | BM3: Oct'22 | BN3: Nov'22 | BO3: Dic'22 | BP3: Acum'22 | BQ3: Ene'23 | BR3: Feb'23 | BS3: Mar'23 | BT3: Abr'23 | BU3: May'23 | BV3: Jun'23 | BW3: Jul'23 | BX3: Ago'23 | BY3: Sep'23 | BZ3: Oct'23 | CA3: Nov'23 | CB3: Dic'23 | CC3: Acum'23 | CD3: Ene'24 | CE3: Feb'24 | CF3: Mar'24 | CG3: Abr'24 | CH3: May'24 | CI3: Jun'24 | CJ3: Jul'24 | CK3: Ago'24 | CL3: Sep'24 | CM3: Oct'24 | CN3: Nov'24 | CO3: Dic'24 | CP3: Acum'24 | CQ3: Ene'25 | CR3: Feb'25 | CS3: Mar'25 | CT3: Abr'25 | CU3: May'25 | CV3: Jun'25 | CW3: Jul'25 | CX3: Ago'25 | CY3: Sep'25 | CZ3: Oct'25 | DA3: Nov'25 | DB3: Dic'25 | DC3: Acum'25 | DD3: Ene'26 | DE3: Feb'26 | DF3: Mar'26 | DG3: Abr'26 | DH3: May'26 | DI3: Jun'26 | DJ3: Jul'26 | DK3: Ago'26 | DL3: Sep'26 | DM3: Oct'26 | DN3: Nov'26 | DO3: Dic'26 | DP3: Acum'26
A4: PACIFICO | B4: GUERRERO | C4: ACAPULCO | Q4: 0 | R4: 0 | S4: 4 | T4: 0 | U4: 0 | V4: 0.5 | W4: 12.5 | X4: 1.7 | Y4: 0 | Z4: 1 | AA4: 0 | AB4: 0 | AC4: =SUM(Q4:T4) -> 4 | AD4: 4.4 | AE4: 0 | AF4: 0 | AG4: 0 | AH4: 0 | AI4: 4.675 | AJ4: 0 | AK4: 0.825 | AL4: 0 | AM4: 1 | AN4: 0 | AO4: 3.25 | AP4: =SUM(AD4:AG4) -> 4.4 | AQ4: 0 | AR4: 2.75 | AS4: 0.25 | AT4: 1.25 | AU4: 0 | AV4: 4.025 | AW4: 0 | AX4: 0 | AY4: 3 | AZ4: 0 | BA4: 0 | BB4: 5.75 | BC4: =SUM(AQ4:AT4) -> 4.25 | BD4: 0 | BE4: 2 | BF4: 3.525 | BG4: 0 | BH4: 0.9 | BI4: 4.85 | BJ4: 0 | BK4: 2.775 | BL4: 0 | BM4: 1.8 | BN4: 2 | BO4: 1.95 | BP4: =SUM(BD4:BG4) -> 5.525 | BQ4: 4 | BR4: 2 | BS4: 2.975 | BT4: 1.475 | BU4: 1.25 | BV4: 0 | BW4: 0 | BX4: 0 | BY4: 0 | BZ4: 0 | CA4: 0 | CB4: 0 | CC4: =SUM(BQ4:BT4) -> 10.45 | CD4: 0 | CE4: 0 | CF4: 0 | CG4: 0 | CH4: 0 | CI4: 0 | CJ4: 0 | CK4: 0 | CL4: 0 | CM4: 0 | CN4: 0 | CO4: 0 | CP4: =SUM(CD4:CG4) -> 0 | CQ4: 0 | CR4: 0 | CS4: 0 | CT4: 0 | CU4: 0 | CV4: 0 | CW4: 0 | CX4: 0 | CY4: 0 | CZ4: 0 | DA4: 0 | DB4: 0 | DC4: =SUM(CQ4:CT4) -> 0 | DD4: 0 | DE4: 0 | DF4: 0 | DG4: 0 | DH4: 0 | DI4: 0 | DJ4: 0 | DK4: 0 | DL4: 0 | DM4: 0 | DN4: 0 | DO4: 0 | DP4: =SUM(DD4:DO4) -> 0
B5: GUERRERO TOTAL | Q5: =SUM(Q4) -> 0 | R5: =SUM(R4) -> 0 | S5: =SUM(S4) -> 4 | T5: =SUM(T4) -> 0 | U5: =SUM(U4) -> 0 | V5: =SUM(V4) -> 0.5 | W5: =SUM(W4) -> 12.5 | X5: =SUM(X4) -> 1.7 | ... DP5: =SUM(DP4) -> 0
B6: JALISCO - COLIMA | C6: GUADALAJARA | Q6: 0 | R6: 21 | S6: 16 | T6: 0 | U6: 31.5 | V6: 1.975 | W6: 0 | X6: 4.725 | Y6: 6 | Z6: 8 | AA6: 5 | AB6: 2.5 | AC6: =SUM(Q6:T6) -> 37 | AD6: 4.4 | AE6: 10 | AF6: 8.975 | AG6: 15.8 | AH6: 13.25 | AI6: 8.175 | AJ6: 7.625 | AK6: 9.75 | AL6: 5.1 | AM6: 7.4 | AN6: 0 | AO6: 16.05 | AP6: =SUM(AD6:AG6) -> 39.175 | AQ6: 0 | AR6: 14.75 | AS6: 4 | AT6: 10 | AU6: 8 | AV6: 19 | AW6: 5.25 | AX6: 12 | AY6: 13.65 | AZ6: 17.075 | BA6: 21.125 | BB6: 24.5 | BC6: =SUM(AQ6:AT6) -> 28.75 | BD6: 8 | BE6: 3.25 | BF6: 17.5 | BG6: 11.775 | BH6: 21.425 | BI6: 2.5 | BJ6: 12 | BK6: 9.325 | BL6: 14.975 | BM6: 10 | BN6: 31 | BO6: 14 | BP6: =SUM(BD6:BG6) -> 40.525 | BQ6: 19.9 | BR6: 7.7 | BS6: 6 | BT6: 20 | BU6: 5.875 | BV6: 0 | BW6: 31.5 | BX6: 0 | BY6: 0 | BZ6: 0 | CA6: 0 | CB6: 0 | CC6: =SUM(BQ6:BT6) -> 53.6 | CD6: 0 | CE6: 0 | CF6: 0 | CG6: 0 | CH6: 0 | CI6: 0 | CJ6: 0 | CK6: 0 | CL6: 0 | CM6: 0 | CN6: 0 | CO6: 0 | CP6: =SUM(CD6:CG6) -> 0 | CQ6: 0 | CR6: 0 | CS6: 0 | CT6: 0 | CU6: 0 | CV6: 0 | CW6: 0 | CX6: 0 | CY6: 0 | CZ6: 0 | DA6: 0 | DB6: 0 | DC6: =SUM(CQ6:CT6) -> 0 | DD6: 0 | DE6: 0 | DF6: 0 | DG6: 0 | DH6: 0 | DI6: 0 | DJ6: 0 | DK6: 0 | DL6: 0 | DM6: 0 | DN6: 0 | DO6: 0 | DP6: =SUM(DD6:DO6) -> 0
C7: COLIMA | Q7: 0 | R7: 0 | S7: 0 | T7: 0 | U7: 0 | V7: 0 | W7: 0 | X7: 0 | Y7: 2 | Z7: 2 | AA7: 2 | AB7: 0 | AC7: =SUM(Q7:T7) -> 0 | AD7: 0 | AE7: 0 | AF7: 2 | AG7: 0 | AH7: 2 | AI7: 0 | AJ7: 0 | AK7: 2 | AL7: 0 | AM7: 0 | AN7: 0 | AO7: 0 | AP7: =SUM(AD7:AG7) -> 2 | AQ7: 0 | AR7: 0 | AS7: 0 | AT7: 2 | AU7: 0 | AV7: 0 | AW7: 0 | AX7: 3.525 | AY7: 0 | AZ7: 0 | BA7: 3.9 | BB7: 0 | BC7: =SUM(AQ7:AT7) -> 2 | BD7: 0 | BE7: 0 | BF7: 4 | BG7: 0 | BH7: 0 | BI7: 0.875 | BJ7: 0 | BK7: 1.175 | BL7: 0 | BM7: 3.925 | BN7: 0 | BO7: 2 | BP7: =SUM(BD7:BG7) -> 4 | BQ7: 4 | BR7: 0 | BS7: 2 | BT7: 4 | BU7: 0 | BV7: 0 | BW7: 0 | BX7: 0 | BY7: 0 | BZ7: 0 | CA7: 0 | CB7: 0 | CC7: =SUM(BQ7:BT7) -> 10 | CD7: 0 | CE7: 0 | CF7: 0 | CG7: 0 | CH7: 0 | CI7: 0 | CJ7: 0 | CK7: 0 | CL7: 0 | CM7: 0 | CN7: 0 | CO7: 0 | CP7: =SUM(CD7:CG7) -> 0 | CQ7: 0 | CR7: 0 | CS7: 0 | CT7: 0 | CU7: 0 | CV7: 0 | CW7: 0 | CX7: 0 | CY7: 0 | CZ7: 0 | DA7: 0 | DB7: 0 | DC7: =SUM(CQ7:CT7) -> 0 | DD7: 0 | DE7: 0 | DF7: 0 | DG7: 0 | DH7: 0 | DI7: 0 | DJ7: 0 | DK7: 0 | DL7: 0 | DM7: 0 | DN7: 0 | DO7: 0 | DP7: =SUM(DD7:DO7) -> 0
C8: MANZANILLO | Q8: 0 | R8: 0 | S8: 0 | T8: 0 | U8: 0 | V8: 0 | W8: 0 | X8: 0 | Y8: 0 | Z8: 0 | AA8: 2 | AB8: 0 | AC8: =SUM(Q8:T8) -> 0 | AD8: 0 | AE8: 0 | AF8: 4 | AG8: 0 | AH8: 0 | AI8: 0 | AJ8: 0 | AK8: 4 | AL8: 0 | AM8: 0 | AN8: 0 | AO8: 0 | AP8: =SUM(AD8:AG8) -> 4 | AQ8: 0 | AR8: 0 | AS8: 0 | AT8: 0 | AU8: 0 | AV8: 1.95 | AW8: 0 | AX8: 0 | AY8: 0 | AZ8: 0 | BA8: 3.8 | BB8: 0 | BC8: =SUM(AQ8:AT8) -> 0 | BD8: 0 | BE8: 0 | BF8: 0 | BG8: 0 | BH8: 0 | BI8: 0 | BJ8: 0 | BK8: 0 | BL8: 2 | BM8: 2 | BN8: 0 | BO8: 0 | BP8: =SUM(BD8:BG8) -> 0 | BQ8: 3.975 | BR8: 0 | BS8: 0 | BT8: 1.85 | BU8: 1.9 | BV8: 0 | BW8: 0 | BX8: 0 | BY8: 0 | BZ8: 0 | CA8: 0 | CB8: 0 | CC8: =SUM(BQ8:BT8) -> 5.825 | CD8: 0 | CE8: 0 | CF8: 0 | CG8: 0 | CH8: 0 | CI8: 0 | CJ8: 0 | CK8: 0 | CL8: 0 | CM8: 0 | CN8: 0 | CO8: 0 | CP8: =SUM(CD8:CG8) -> 0 | CQ8: 0 | CR8: 0 | CS8: 0 | CT8: 0 | CU8: 0 | CV8: 0 | CW8: 0 | CX8: 0 | CY8: 0 | CZ8: 0 | DA8: 0 | DB8: 0 | DC8: =SUM(CQ8:CT8) -> 0 | DD8: 0 | DE8: 0 | DF8: 0 | DG8: 0 | DH8: 0 | DI8: 0 | DJ8: 0 | DK8: 0 | DL8: 0 | DM8: 0 | DN8: 0 | DO8: 0 | DP8: =SUM(DD8:DO8) -> 0
C9: PUERTO VALLARTA | Q9: 0 | R9: 0 | S9: 0 | T9: 0 | U9: 0 | V9: 0 | W9: 8 | X9: 0 | Y9: 0 | Z9: 0 | AA9: 0 | AB9: 0 | AC9: =SUM(Q9:T9) -> 0 | AD9: 0 | AE9: 2 | AF9: 4 | AG9: 0 | AH9: 0 | AI9: 0 | AJ9: 3.75 | AK9: 0 | AL9: 4 | AM9: 0 | AN9: 2.5 | AO9: 2 | AP9: =SUM(AD9:AG9) -> 6 | AQ9: 1.25 | AR9: 0 | AS9: 6 | AT9: 0 | AU9: 0 | AV9: 0 | AW9: 0 | AX9: 0 | AY9: 0 | AZ9: 6 | BA9: 0 | BB9: 0 | BC9: =SUM(AQ9:AT9) -> 7.25 | BD9: 4 | BE9: 0 | BF9: 1 | BG9: 4 | BH9: 0 | BI9: 0 | BJ9: 4 | BK9: 4 | BL9: 2 | BM9: 0 | BN9: 2 | BO9: 2 | BP9: =SUM(BD9:BG9) -> 9 | BQ9: 3.825 | BR9: 2 | BS9: 3.95 | BT9: 1.975 | BU9: 0 | BV9: 0 | BW9: 0 | BX9: 0 | BY9: 0 | BZ9: 0 | CA9: 0 | CB9: 0 | CC9: =SUM(BQ9:BT9) -> 11.75 | CD9: 0 | CE9: 0 | CF9: 0 | CG9: 0 | CH9: 0 | CI9: 0 | CJ9: 0 | CK9: 0 | CL9: 0 | CM9: 0 | CN9: 0 | CO9: 0 | CP9: =SUM(CD9:CG9) -> 0 | CQ9: 0 | CR9: 0 | CS9: 0 | CT9: 0 | CU9: 0 | CV9: 0 | CW9: 0 | CX9: 0 | CY9: 0 | CZ9: 0 | DA9: 0 | DB9: 0 | DC9: =SUM(CQ9:CT9) -> 0 | DD9: 0 | DE9: 0 | DF9: 0 | DG9: 0 | DH9: 0 | DI9: 0 | DJ9: 0 | DK9: 0 | DL9: 0 | DM9: 0 | DN9: 0 | DO9: 0 | DP9: =SUM(DD9:DO9) -> 0
B10: JALISCO - COLIMA TOTAL | Q10: =SUM(Q6:Q9) -> 0 | R10: =SUM(R6:R9) -> 21 | S10: =SUM(S6:S9) -> 16 | T10: =SUM(T6:T9) -> 0 | U10: =SUM(U6:U9) -> 31.5 | V10: =SUM(V6:V9) -> 1.975 | W10: =SUM(W6:W9) -> 8 | X10: =SUM(X6:X9) -> 4.725 | ... DP10: =SUM(DP6:DP9) -> 0
B11: LAS CALIFORNIAS | C11: CABOS | Q11: 0 | R11: 0 | S11: 0 | T11: 0 | U11: 0 | V11: 0 | W11: 0 | X11: 0 | Y11: 0 | Z11: 0 | AA11: 0 | AB11: 0 | AC11: =SUM(Q11:T11) -> 0 | AD11: 0 | AE11: 0 | AF11: 0 | AG11: 0 | AH11: 0 | AI11: 0 | AJ11: 0 | AK11: 0 | AL11: 0 | AM11: 0 | AN11: 0 | AO11: 0 | AP11: =SUM(AD11:AG11) -> 0 | AQ11: 0 | AR11: 0 | AS11: 0 | AT11: 0 | AU11: 0 | AV11: 0 | AW11: 0 | AX11: 0 | AY11: 0 | AZ11: 0 | BA11: 0 | BB11: 0 | BC11: =SUM(AQ11:AT11) -> 0 | BD11: 0 | BE11: 0 | BF11: 0 | BG11: 0 | BH11: 0 | BI11: 0 | BJ11: 0 | BK11: 0 | BL11: 0 | BM11: 0 | BN11: 0 | BO11: 0 | BP11: =SUM(BD11:BG11) -> 0 | BQ11: 0 | BR11: 0 | BS11: 0 | BT11: 0 | BU11: 0 | BV11: 0 | BW11: 0 | BX11: 0 | BY11: 0 | BZ11: 0 | CA11: 0 | CB11: 0 | CC11: =SUM(BQ11:BT11) -> 0 | CD11: 0 | CE11: 0 | CF11: 0 | CG11: 0 | CH11: 0 | CI11: 0 | CJ11: 0 | CK11: 0 | CL11: 0 | CM11: 0 | CN11: 0 | CO11: 0 | CP11: =SUM(CD11:CG11) -> 0 | CQ11: 0 | CR11: 0 | CS11: 0 | CT11: 0 | CU11: 0 | CV11: 0 | CW11: 0 | CX11: 0 | CY11: 0 | CZ11: 0 | DA11: 0 | DB11: 0 | DC11: =SUM(CQ11:CT11) -> 0 | DD11: 0 | DE11: 0 | DF11: 0 | DG11: 0 | DH11: 0 | DI11: 0 | DJ11: 0 | DK11: 0 | DL11: 0 | DM11: 0 | DN11: 0 | DO11: 0 | DP11: =SUM(DD11:DO11) -> 0
C12: LA PAZ | Q12: 0 | R12: 0 | S12: 0 | T12: 0 | U12: 0 | V12: 0 | W12: 0 | X12: 0 | Y12: 0 | Z12: 0 | AA12: 0 | AB12: 0 | AC12: =SUM(Q12:T12) -> 0 | AD12: 0 | AE12: 0 | AF12: 0 | AG12: 0 | AH12: 0 | AI12: 0 | AJ12: 0 | AK12: 0 | AL12: 0 | AM12: 0 | AN12: 0 | AO12: 0 | AP12: =SUM(AD12:AG12) -> 0 | AQ12: 0 | AR12: 0 | AS12: 0 | AT12: 0 | AU12: 0 | AV12: 0 | AW12: 0 | AX12: 0 | AY12: 0 | AZ12: 0 | BA12: 0 | BB12: 0 | BC12: =SUM(AQ12:AT12) -> 0 | BD12: 0 | BE12: 0 | BF12: 0 | BG12: 0 | BH12: 0 | BI12: 0 | BJ12: 0 | BK12: 0 | BL12: 0 | BM12: 0 | BN12: 0 | BO12: 0 | BP12: =SUM(BD12:BG12) -> 0 | BQ12: 0 | BR12: 0 | BS12: 0 | BT12: 0 | BU12: 0 | BV12: 0 | BW12: 0 | BX12: 0 | BY12: 0 | BZ12: 0 | CA12: 0 | CB12: 0 | CC12: =SUM(BQ12:BT12) -> 0 | CD12: 0 | CE12: 0 | CF12: 0 | CG12: 0 | CH12: 0 | CI12: 0 | CJ12: 0 | CK12: 0 | CL12: 0 | CM12: 0 | CN12: 0 | CO12: 0 | CP12: =SUM(CD12:CG12) -> 0 | CQ12: 0 | CR12: 0 | CS12: 0 | CT12: 0 | CU12: 0 | CV12: 0 | CW12: 0 | CX12: 0 | CY12: 0 | CZ12: 0 | DA12: 0 | DB12: 0 | DC12: =SUM(CQ12:CT12) -> 0 | DD12: 0 | DE12: 0 | DF12: 0 | DG12: 0 | DH12: 0 | DI12: 0 | DJ12: 0 | DK12: 0 | DL12: 0 | DM12: 0 | DN12: 0 | DO12: 0 | DP12: =SUM(DD12:DO12) -> 0
C13: MEXICALI | Q13: 0 | R13: 0 | S13: 0 | T13: 0 | U13: 0 | V13: 0 | W13: 0 | X13: 0 | Y13: 0 | Z13: 0 | AA13: 0 | AB13: 0 | AC13: =SUM(Q13:T13) -> 0 | AD13: 0 | AE13: 0 | AF13: 0 | AG13: 0 | AH13: 0 | AI13: 0 | AJ13: 0 | AK13: 0 | AL13: 0 | AM13: 0 | AN13: 0 | AO13: 0 | AP13: =SUM(AD13:AG13) -> 0 | AQ13: 0 | AR13: 0 | AS13: 0 | AT13: 0 | AU13: 0 | AV13: 0 | AW13: 0 | AX13: 0 | AY13: 0 | AZ13: 0 | BA13: 0 | BB13: 0 | BC13: =SUM(AQ13:AT13) -> 0 | BD13: 0 | BE13: 0 | BF13: 0 | BG13: 0 | BH13: 0 | BI13: 0 | BJ13: 0 | BK13: 0 | BL13: 0 | BM13: 0 | BN13: 0 | BO13: 0 | BP13: =SUM(BD13:BG13) -> 0 | BQ13: 0 | BR13: 0 | BS13: 0 | BT13: 0 | BU13: 0 | BV13: 0 | BW13: 0 | BX13: 0 | BY13: 0 | BZ13: 0 | CA13: 0 | CB13: 0 | CC13: =SUM(BQ13:BT13) -> 0 | CD13: 0 | CE13: 0 | CF13: 0 | CG13: 0 | CH13: 0 | CI13: 0 | CJ13: 0 | CK13: 0 | CL13: 0 | CM13: 0 | CN13: 0 | CO13: 0 | CP13: =SUM(CD13:CG13) -> 0 | CQ13: 0 | CR13: 0 | CS13: 0 | CT13: 0 | CU13: 0 | CV13: 0 | CW13: 0 | CX13: 0 | CY13: 0 | CZ13: 0 | DA13: 0 | DB13: 0 | DC13: =SUM(CQ13:CT13) -> 0 | DD13: 0 | DE13: 0 | DF13: 0 | DG13: 0 | DH13: 0 | DI13: 0 | DJ13: 0 | DK13: 0 | DL13: 0 | DM13: 0 | DN13: 0 | DO13: 0 | DP13: =SUM(DD13:DO13) -> 0
C14: TIJUANA | Q14: 0 | R14: 0 | S14: 0 | T14: 0 | U14: 0 | V14: 0 | W14: 0 | X14: 0 | Y14: 0 | Z14: 0 | AA14: 0 | AB14: 0 | AC14: =SUM(Q14:T14) -> 0 | AD14: 0 | AE14: 0 | AF14: 0 | AG14: 0 | AH14: 0 | AI14: 0 | AJ14: 0 | AK14: 0 | AL14: 0 | AM14: 0 | AN14: 0 | AO14: 0 | AP14: =SUM(AD14:AG14) -> 0 | AQ14: 0 | AR14: 0 | AS14: 0 | AT14: 0 | AU14: 0 | AV14: 0 | AW14: 0 | AX14: 0 | AY14: 0 | AZ14: 0 | BA14: 0 | BB14: 0 | BC14: =SUM(AQ14:AT14) -> 0 | BD14: 0 | BE14: 0 | BF14: 0 | BG14: 0 | BH14: 0 | BI14: 0 | BJ14: 0 | BK14: 0 | BL14: 0 | BM14: 0 | BN14: 0 | BO14: 0 | BP14: =SUM(BD14:BG14) -> 0 | BQ14: 0 | BR14: 0 | BS14: 0 | BT14: 0 | BU14: 0 | BV14: 0 | BW14: 0 | BX14: 0 | BY14: 0 | BZ14: 0 | CA14: 0 | CB14: 0 | CC14: =SUM(BQ14:BT14) -> 0 | CD14: 0 | CE14: 0 | CF14: 0 | CG14: 0 | CH14: 0 | CI14: 0 | CJ14: 0 | CK14: 0 | CL14: 0 | CM14: 0 | CN14: 0 | CO14: 0 | CP14: =SUM(CD14:CG14) -> 0 | CQ14: 0 | CR14: 0 | CS14: 0 | CT14: 0 | CU14: 0 | CV14: 0 | CW14: 0 | CX14: 0 | CY14: 0 | CZ14: 0 | DA14: 0 | DB14: 0 | DC14: =SUM(CQ14:CT14) -> 0 | DD14: 0 | DE14: 0 | DF14: 0 | DG14: 0 | DH14: 0 | DI14: 0 | DJ14: 0 | DK14: 0 | DL14: 0 | DM14: 0 | DN14: 0 | DO14: 0 | DP14: =SUM(DD14:DO14) -> 0
C15: ROSARITO | Q15: 0 | R15: 0 | S15: 0 | T15: 0 | U15: 0 | V15: 0 | W15: 0 | X15: 0 | Y15: 0 | Z15: 0 | AA15: 0 | AB15: 0 | AC15: =SUM(Q15:T15) -> 0 | AD15: 0 | AE15: 0 | AF15: 0 | AG15: 0 | AH15: 0 | AI15: 0 | AJ15: 0 | AK15: 0 | AL15: 0 | AM15: 0 | AN15: 0 | AO15: 0 | AP15: =SUM(AD15:AG15) -> 0 | AQ15: 0 | AR15: 0 | AS15: 0 | AT15: 0 | AU15: 0 | AV15: 0 | AW15: 0 | AX15: 0 | AY15: 0 | AZ15: 0 | BA15: 0 | BB15: 0 | BC15: =SUM(AQ15:AT15) -> 0 | BD15: 0 | BE15: 0 | BF15: 0 | BG15: 0 | BH15: 0 | BI15: 0 | BJ15: 0 | BK15: 0 | BL15: 0 | BM15: 0 | BN15: 0 | BO15: 0 | BP15: =SUM(BD15:BG15) -> 0 | BQ15: 0 | BR15: 0 | BS15: 0 | BT15: 0 | BU15: 0 | BV15: 0 | BW15: 0 | BX15: 0 | BY15: 0 | BZ15: 0 | CA15: 0 | CB15: 0 | CC15: =SUM(BQ15:BT15) -> 0 | CD15: 0 | CE15: 0 | CF15: 0 | CG15: 0 | CH15: 0 | CI15: 0 | CJ15: 0 | CK15: 0 | CL15: 0 | CM15: 0 | CN15: 0 | CO15: 0 | CP15: =SUM(CD15:CG15) -> 0 | CQ15: 0 | CR15: 0 | CS15: 0 | CT15: 0 | CU15: 0 | CV15: 0 | CW15: 0 | CX15: 0 | CY15: 0 | CZ15: 0 | DA15: 0 | DB15: 0 | DC15: =SUM(CQ15:CT15) -> 0 | DD15: 0 | DE15: 0 | DF15: 0 | DG15: 0 | DH15: 0 | DI15: 0 | DJ15: 0 | DK15: 0 | DL15: 0 | DM15: 0 | DN15: 0 | DO15: 0 | DP15: =SUM(DD15:DO15) -> 0
C16: ENSENADA | Q16: 0 | R16: 0 | S16: 0 | T16: 0 | U16: 0 | V16: 0 | W16: 0 | X16: 0 | Y16: 0 | Z16: 0 | AA16: 0 | AB16: 0 | AC16: =SUM(Q16:T16) -> 0 | AD16: 0 | AE16: 0 | AF16: 0 | AG16: 0 | AH16: 0 | AI16: 0 | AJ16: 0 | AK16: 0 | AL16: 0 | AM16: 0 | AN16: 0 | AO16: 0 | AP16: =SUM(AD16:AG16) -> 0 | AQ16: 0 | AR16: 0 | AS16: 0 | AT16: 0 | AU16: 0 | AV16: 0 | AW16: 0 | AX16: 0 | AY16: 0 | AZ16: 0 | BA16: 0 | BB16: 0 | BC16: =SUM(AQ16:AT16) -> 0 | BD16: 0 | BE16: 0 | BF16: 0 | BG16: 0 | BH16: 0 | BI16: 0 | BJ16: 0 | BK16: 0 | BL16: 0 | BM16: 0 | BN16: 0 | BO16: 0 | BP16: =SUM(BD16:BG16) -> 0 | BQ16: 0 | BR16: 0 | BS16: 0 | BT16: 0 | BU16: 0 | BV16: 0 | BW16: 0 | BX16: 0 | BY16: 0 | BZ16: 0 | CA16: 0 | CB16: 0 | CC16: =SUM(BQ16:BT16) -> 0 | CD16: 0 | CE16: 0 | CF16: 0 | CG16: 0 | CH16: 0 | CI16: 0 | CJ16: 0 | CK16: 0 | CL16: 0 | CM16: 0 | CN16: 0 | CO16: 0 | CP16: =SUM(CD16:CG16) -> 0 | CQ16: 0 | CR16: 0 | CS16: 0 | CT16: 0 | CU16: 0 | CV16: 0 | CW16: 0 | CX16: 0 | CY16: 0 | CZ16: 0 | DA16: 0 | DB16: 0 | DC16: =SUM(CQ16:CT16) -> 0 | DD16: 0 | DE16: 0 | DF16: 0 | DG16: 0 | DH16: 0 | DI16: 0 | DJ16: 0 | DK16: 0 | DL16: 0 | DM16: 0 | DN16: 0 | DO16: 0 | DP16: =SUM(DD16:DO16) -> 0
B17: LAS CALIFORNIAS TOTAL | Q17: =SUM(Q11:Q16) -> 0 | R17: =SUM(R11:R16) -> 0 | S17: =SUM(S11:S16) -> 0 | T17: =SUM(T11:T16) -> 0 | U17: =SUM(U11:U16) -> 0 | V17: =SUM(V11:V16) -> 0 | W17: =SUM(W11:W16) -> 0 | X17: =SUM(X11:X16) -> 0 | ... BV17: =SUM(BV11:BV16) -> 0 | BW17: 0 | BX17: =SUM(BX11:BX16) -> 0 | BY17: =SUM(BY11:BY16) -> 0 | BZ17: =SUM(BZ11:BZ16) -> 0 | CA17: =SUM(CA11:CA16) -> 0 | CB17: =SUM(CB11:CB16) -> 0 | CC17: =SUM(CC11:CC16) -> 0 | CD17: =SUM(CD11:CD16) -> 0 | CE17: =SUM(CE11:CE16) -> 0 | ... CI17: =SUM(CI11:CI16) -> 0 | CJ17: 0 | CK17: =SUM(CK11:CK16) -> 0 | CL17: =SUM(CL11:CL16) -> 0 | CM17: =SUM(CM11:CM16) -> 0 | CN17: =SUM(CN11:CN16) -> 0 | CO17: =SUM(CO11:CO16) -> 0 | CP17: =SUM(CP11:CP16) -> 0 | CQ17: =SUM(CQ11:CQ16) -> 0 | CR17: =SUM(CR11:CR16) -> 0 | ... CV17: =SUM(CV11:CV16) -> 0 | CW17: 0 | CX17: =SUM(CX11:CX16) -> 0 | CY17: =SUM(CY11:CY16) -> 0 | CZ17: =SUM(CZ11:CZ16) -> 0 | DA17: =SUM(DA11:DA16) -> 0 | DB17: =SUM(DB11:DB16) -> 0 | DC17: =SUM(DC11:DC16) -> 0 | DD17: =SUM(DD11:DD16) -> 0 | DE17: =SUM(DE11:DE16) -> 0 | ... DI17: =SUM(DI11:DI16) -> 0 | DJ17: 0 | DK17: =SUM(DK11:DK16) -> 0 | DL17: =SUM(DL11:DL16) -> 0 | DM17: =SUM(DM11:DM16) -> 0 | DN17: =SUM(DN11:DN16) -> 0 | DO17: =SUM(DO11:DO16) -> 0 | DP17: =SUM(DP11:DP16) -> 0
B18: MICHOACAN | C18: MORELIA | Q18: 0 | R18: 0 | S18: 0 | T18: 6 | U18: 0 | V18: 0 | W18: 0 | X18: 0 | Y18: 3.225 | Z18: 0 | AA18: 0 | AB18: 4 | AC18: =SUM(Q18:T18) -> 6 | AD18: 5.175 | AE18: 3.875 | AF18: 0 | AG18: 0 | AH18: 8 | AI18: 0 | AJ18: 0 | AK18: 0 | AL18: 3 | AM18: 0 | AN18: 1.65 | AO18: 0 | AP18: =SUM(AD18:AG18) -> 9.05 | AQ18: 6.875 | AR18: 0 | AS18: 0 | AT18: 1.85 | AU18: 2.5 | AV18: 1 | AW18: 2 | AX18: 7.925 | AY18: 2 | AZ18: 2 | BA18: 1 | BB18: 2 | BC18: =SUM(AQ18:AT18) -> 8.725 | BD18: 4 | BE18: 0 | BF18: 2.75 | BG18: 0 | BH18: 0 | BI18: 0 | BJ18: 0 | BK18: 0 | BL18: 0 | BM18: 2.5 | BN18: 0 | BO18: 0 | BP18: =SUM(BD18:BG18) -> 6.75 | BQ18: 0 | BR18: 0 | BS18: 0 | BT18: 0 | BU18: 0 | BV18: 0 | BW18: 0 | BX18: 0 | BY18: 0 | BZ18: 0 | CA18: 0 | CB18: 0 | CC18: =SUM(BQ18:BT18) -> 0 | CD18: 0 | CE18: 0 | CF18: 0 | CG18: 0 | CH18: 0 | CI18: 0 | CJ18: 0 | CK18: 0 | CL18: 0 | CM18: 0 | CN18: 0 | CO18: 0 | CP18: =SUM(CD18:CG18) -> 0 | CQ18: 0 | CR18: 0 | CS18: 0 | CT18: 0 | CU18: 0 | CV18: 0 | CW18: 0 | CX18: 0 | CY18: 0 | CZ18: 0 | DA18: 0 | DB18: 0 | DC18: =SUM(CQ18:CT18) -> 0 | DD18: 0 | DE18: 0 | DF18: 0 | DG18: 0 | DH18: 0 | DI18: 0 | DJ18: 0 | DK18: 0 | DL18: 0 | DM18: 0 | DN18: 0 | DO18: 0 | DP18: =SUM(DD18:DO18) -> 0
C19: URUAPAN | Q19: 0 | R19: 0 | S19: 0 | T19: 0 | U19: 0 | V19: 0 | W19: 0 | X19: 0 | Y19: 0 | Z19: 0 | AA19: 3.875 | AB19: 0 | AC19: =SUM(Q19:T19) -> 0 | AD19: 0 | AE19: 0 | AF19: 0 | AG19: 0 | AH19: 4 | AI19: 0 | AJ19: 0 | AK19: 0 | AL19: 0 | AM19: 0 | AN19: 0 | AO19: 0 | AP19: =SUM(AD19:AG19) -> 0 | AQ19: 2 | AR19: 0 | AS19: 0 | AT19: 0 | AU19: 0 | AV19: 0 | AW19: 0 | AX19: 0 | AY19: 4 | AZ19: 0 | BA19: 4 | BB19: 0 | BC19: =SUM(AQ19:AT19) -> 2 | BD19: 0 | BE19: 2 | BF19: 0 | BG19: 8 | BH19: 0 | BI19: 0 | BJ19: 0 | BK19: 2 | BL19: 2 | BM19: 0 | BN19: 0 | BO19: 6 | BP19: =SUM(BD19:BG19) -> 10 | BQ19: 0 | BR19: 0 | BS19: 0 | BT19: 8 | BU19: 0 | BV19: 0 | BW19: 0 | BX19: 0 | BY19: 0 | BZ19: 0 | CA19: 0 | CB19: 0 | CC19: =SUM(BQ19:BT19) -> 8 | CD19: 0 | CE19: 0 | CF19: 0 | CG19: 0 | CH19: 0 | CI19: 0 | CJ19: 0 | CK19: 0 | CL19: 0 | CM19: 0 | CN19: 0 | CO19: 0 | CP19: =SUM(CD19:CG19) -> 0 | CQ19: 0 | CR19: 0 | CS19: 0 | CT19: 0 | CU19: 0 | CV19: 0 | CW19: 0 | CX19: 0 | CY19: 0 | CZ19: 0 | DA19: 0 | DB19: 0 | DC19: =SUM(CQ19:CT19) -> 0 | DD19: 0 | DE19: 0 | DF19: 0 | DG19: 0 | DH19: 0 | DI19: 0 | DJ19: 0 | DK19: 0 | DL19: 0 | DM19: 0 | DN19: 0 | DO19: 0 | DP19: =SUM(DD19:DO19) -> 0
C20: ZAMORA | Q20: 2 | R20: 0 | S20: 0 | T20: 0 | U20: 0 | V20: 0 | W20: 4 | X20: 0 | Y20: 0 | Z20: 0 | AA20: 0 | AB20: 0 | AC20: =SUM(Q20:T20) -> 2 | AD20: 4 | AE20: 0 | AF20: 0 | AG20: 0 | AH20: 0 | AI20: 0 | AJ20: 0 | AK20: 0 | AL20: 4 | AM20: 0 | AN20: 0 | AO20: 0 | AP20: =SUM(AD20:AG20) -> 4 | AQ20: 0 | AR20: 2 | AS20: 0 | AT20: 2 | AU20: 0 | AV20: 0 | AW20: 0 | AX20: 0 | AY20: 0 | AZ20: 0 | BA20: 4 | BB20: 0 | BC20: =SUM(AQ20:AT20) -> 4 | BD20: 0 | BE20: 6 | BF20: 0 | BG20: 0 | BH20: 0 | BI20: 0 | BJ20: 0 | BK20: 0 | BL20: 0 | BM20: 0 | BN20: 6 | BO20: 0 | BP20: =SUM(BD20:BG20) -> 6 | BQ20: 0 | BR20: 0 | BS20: 0 | BT20: 0 | BU20: 4 | BV20: 0 | BW20: 0 | BX20: 0 | BY20: 0 | BZ20: 0 | CA20: 0 | CB20: 0 | CC20: =SUM(BQ20:BT20) -> 0 | CD20: 0 | CE20: 0 | CF20: 0 | CG20: 0 | CH20: 0 | CI20: 0 | CJ20: 0 | CK20: 0 | CL20: 0 | CM20: 0 | CN20: 0 | CO20: 0 | CP20: =SUM(CD20:CG20) -> 0 | CQ20: 0 | CR20: 0 | CS20: 0 | CT20: 0 | CU20: 0 | CV20: 0 | CW20: 0 | CX20: 0 | CY20: 0 | CZ20: 0 | DA20: 0 | DB20: 0 | DC20: =SUM(CQ20:CT20) -> 0 | DD20: 0 | DE20: 0 | DF20: 0 | DG20: 0 | DH20: 0 | DI20: 0 | DJ20: 0 | DK20: 0 | DL20: 0 | DM20: 0 | DN20: 0 | DO20: 0 | DP20: =SUM(DD20:DO20) -> 0
B21: MICHOACAN TOTAL | Q21: =SUM(Q18:Q20) -> 2 | R21: =SUM(R18:R20) -> 0 | S21: =SUM(S18:S20) -> 0 | T21: =SUM(T18:T20) -> 6 | U21: =SUM(U18:U20) -> 0 | V21: =SUM(V18:V20) -> 0 | W21: =SUM(W18:W20) -> 4 | X21: =SUM(X18:X20) -> 0 | ... BV21: =SUM(BV18:BV20) -> 0 | BW21: 0 | BX21: =SUM(BX18:BX20) -> 0 | BY21: =SUM(BY18:BY20) -> 0 | BZ21: =SUM(BZ18:BZ20) -> 0 | CA21: =SUM(CA18:CA20) -> 0 | CB21: =SUM(CB18:CB20) -> 0 | CC21: =SUM(CC18:CC20) -> 8 | CD21: =SUM(CD18:CD20) -> 0 | CE21: =SUM(CE18:CE20) -> 0 | ... CI21: =SUM(CI18:CI20) -> 0 | CJ21: 0 | CK21: =SUM(CK18:CK20) -> 0 | CL21: =SUM(CL18:CL20) -> 0 | CM21: =SUM(CM18:CM20) -> 0 | CN21: =SUM(CN18:CN20) -> 0 | CO21: =SUM(CO18:CO20) -> 0 | CP21: =SUM(CP18:CP20) -> 0 | CQ21: =SUM(CQ18:CQ20) -> 0 | CR21: =SUM(CR18:CR20) -> 0 | ... CV21: =SUM(CV18:CV20) -> 0 | CW21: 0 | CX21: =SUM(CX18:CX20) -> 0 | CY21: =SUM(CY18:CY20) -> 0 | CZ21: =SUM(CZ18:CZ20) -> 0 | DA21: =SUM(DA18:DA20) -> 0 | DB21: =SUM(DB18:DB20) -> 0 | DC21: =SUM(DC18:DC20) -> 0 | DD21: =SUM(DD18:DD20) -> 0 | DE21: =SUM(DE18:DE20) -> 0 | ... DI21: =SUM(DI18:DI20) -> 0 | DJ21: 0 | DK21: =SUM(DK18:DK20) -> 0 | DL21: =SUM(DL18:DL20) -> 0 | DM21: =SUM(DM18:DM20) -> 0 | DN21: =SUM(DN18:DN20) -> 0 | DO21: =SUM(DO18:DO20) -> 0 | DP21: =SUM(DP18:DP20) -> 0
B22: SONORA - SINALOA - NAYARIT | C22: CULIACAN | Q22: 0 | R22: 7.675 | S22: 2 | T22: 3.15 | U22: 4.5 | V22: 3.9 | W22: 7.5 | X22: 4 | Y22: 3 | Z22: 8 | AA22: 1.475 | AB22: 0 | AC22: =SUM(Q22:T22) -> 12.825 | AD22: 0 | AE22: 2.975 | AF22: 11.725 | AG22: 0 | AH22: 1.925 | AI22: 2 | AJ22: 8.1 | AK22: 0 | AL22: 2.15 | AM22: 7.4 | AN22: 0 | AO22: 0 | AP22: =SUM(AD22:AG22) -> 14.7 | AQ22: 1.9 | AR22: 0 | AS22: 0 | AT22: 0 | AU22: 3 | AV22: 0 | AW22: 8 | AX22: 4 | AY22: 1 | AZ22: 12 | BA22: 0 | BB22: 0 | BC22: =SUM(AQ22:AT22) -> 1.9 | BD22: 3.85 | BE22: 7.525 | BF22: 0 | BG22: 3.625 | BH22: 0 | BI22: 5.8 | BJ22: 0 | BK22: 7.975 | BL22: 0 | BM22: 8 | BN22: 0 | BO22: 7.5 | BP22: =SUM(BD22:BG22) -> 15 | BQ22: 4 | BR22: 4 | BS22: 0 | BT22: 0 | BU22: 0 | BV22: 0 | BW22: 0 | BX22: 0 | BY22: 0 | BZ22: 0 | CA22: 0 | CB22: 0 | CC22: =SUM(BQ22:BT22) -> 8 | CD22: 0 | CE22: 0 | CF22: 0 | CG22: 0 | CH22: 0 | CI22: 0 | CJ22: 0 | CK22: 0 | CL22: 0 | CM22: 0 | CN22: 0 | CO22: 0 | CP22: =SUM(CD22:CG22) -> 0 | CQ22: 0 | CR22: 0 | CS22: 0 | CT22: 0 | CU22: 0 | CV22: 0 | CW22: 0 | CX22: 0 | CY22: 0 | CZ22: 0 | DA22: 0 | DB22: 0 | DC22: =SUM(CQ22:CT22) -> 0 | DD22: 0 | DE22: 0 | DF22: 0 | DG22: 0 | DH22: 0 | DI22: 0 | DJ22: 0 | DK22: 0 | DL22: 0 | DM22: 0 | DN22: 0 | DO22: 0 | DP22: =SUM(DD22:DO22) -> 0
C23: MAZATLAN | Q23: 0 | R23: 0 | S23: 0 | T23: 0 | U23: 2 | V23: 2 | W23: 0 | X23: 4 | Y23: 0 | Z23: 0 | AA23: 0 | AB23: 4 | AC23: =SUM(Q23:T23) -> 0 | AD23: 2 | AE23: 4 | AF23: 0 | AG23: 0 | AH23: 8 | AI23: 0 | AJ23: 2 | AK23: 1.425 | AL23: 0 | AM23: 4 | AN23: 0 | AO23: 4 | AP23: =SUM(AD23:AG23) -> 6 | AQ23: 0 | AR23: 0 | AS23: 0 | AT23: 0 | AU23: 0 | AV23: 2 | AW23: 0 | AX23: 0 | AY23: 0 | AZ23: 0 | BA23: 4 | BB23: 0 | BC23: =SUM(AQ23:AT23) -> 0 | BD23: 0 | BE23: 2 | BF23: 0 | BG23: 1.9 | BH23: 0 | BI23: 0 | BJ23: 0 | BK23: 0 | BL23: 0 | BM23: 0 | BN23: 0 | BO23: 0 | BP23: =SUM(BD23:BG23) -> 3.9 | BQ23: 0 | BR23: 0 | BS23: 0 | BT23: 0 | BU23: 0 | BV23: 0 | BW23: 0 | BX23: 0 | BY23: 0 | BZ23: 0 | CA23: 0 | CB23: 0 | CC23: =SUM(BQ23:BT23) -> 0 | CD23: 0 | CE23: 0 | CF23: 0 | CG23: 0 | CH23: 0 | CI23: 0 | CJ23: 0 | CK23: 0 | CL23: 0 | CM23: 0 | CN23: 0 | CO23: 0 | CP23: =SUM(CD23:CG23) -> 0 | CQ23: 0 | CR23: 0 | CS23: 0 | CT23: 0 | CU23: 0 | CV23: 0 | CW23: 0 | CX23: 0 | CY23: 0 | CZ23: 0 | DA23: 0 | DB23: 0 | DC23: =SUM(CQ23:CT23) -> 0 | DD23: 0 | DE23: 0 | DF23: 0 | DG23: 0 | DH23: 0 | DI23: 0 | DJ23: 0 | DK23: 0 | DL23: 0 | DM23: 0 | DN23: 0 | DO23: 0 | DP23: =SUM(DD23:DO23) -> 0
C24: MOCHIS | Q24: 0 | R24: 0 | S24: 0 | T24: 0 | U24: 0 | V24: 0 | W24: 6 | X24: 0 | Y24: 0 | Z24: 0 | AA24: 0 | AB24: 0 | AC24: =SUM(Q24:T24) -> 0 | AD24: 0 | AE24: 0 | AF24: 4 | AG24: 0 | AH24: 0 | AI24: 0 | AJ24: 0 | AK24: 0 | AL24: 0 | AM24: 4 | AN24: 0 | AO24: 0 | AP24: =SUM(AD24:AG24) -> 4 | AQ24: 1.875 | AR24: 0 | AS24: 0 | AT24: 0 | AU24: 0 | AV24: 0 | AW24: 0 | AX24: 0 | AY24: 0 | AZ24: 3.975 | BA24: 0 | BB24: 0 | BC24: =SUM(AQ24:AT24) -> 1.875 | BD24: 0 | BE24: 0 | BF24: 0 | BG24: 4 | BH24: 0 | BI24: 0 | BJ24: 0 | BK24: 0 | BL24: 0 | BM24: 0 | BN24: 0 | BO24: 0 | BP24: =SUM(BD24:BG24) -> 4 | BQ24: 0 | BR24: 0 | BS24: 0 | BT24: 0 | BU24: 0 | BV24: 0 | BW24: 0 | BX24: 0 | BY24: 0 | BZ24: 0 | CA24: 0 | CB24: 0 | CC24: =SUM(BQ24:BT24) -> 0 | CD24: 0 | CE24: 0 | CF24: 0 | CG24: 0 | CH24: 0 | CI24: 0 | CJ24: 0 | CK24: 0 | CL24: 0 | CM24: 0 | CN24: 0 | CO24: 0 | CP24: =SUM(CD24:CG24) -> 0 | CQ24: 0 | CR24: 0 | CS24: 0 | CT24: 0 | CU24: 0 | CV24: 0 | CW24: 0 | CX24: 0 | CY24: 0 | CZ24: 0 | DA24: 0 | DB24: 0 | DC24: =SUM(CQ24:CT24) -> 0 | DD24: 0 | DE24: 0 | DF24: 0 | DG24: 0 | DH24: 0 | DI24: 0 | DJ24: 0 | DK24: 0 | DL24: 0 | DM24: 0 | DN24: 0 | DO24: 0 | DP24: =SUM(DD24:DO24) -> 0
C25: GUASAVE | Q25: 0 | R25: 0 | S25: 0 | T25: 0 | U25: 0 | V25: 0 | W25: 0 | X25: 0 | Y25: 1.825 | Z25: 0 | AA25: 0 | AB25: 1.2 | AC25: =SUM(Q25:T25) -> 0 | AD25: 3 | AE25: 0 | AF25: 1 | AG25: 0 | AH25: 2 | AI25: 3 | AJ25: 4 | AK25: 0 | AL25: 0 | AM25: 0 | AN25: 0 | AO25: 2 | AP25: =SUM(AD25:AG25) -> 4 | AQ25: 0 | AR25: 0 | AS25: 0 | AT25: 0 | AU25: 0 | AV25: 0 | AW25: 0 | AX25: 0 | AY25: 2 | AZ25: 2 | BA25: 0 | BB25: 0 | BC25: =SUM(AQ25:AT25) -> 0 | BD25: 1.25 | BE25: 2 | BF25: 0 | BG25: 0 | BH25: 2 | BI25: 0 | BJ25: 0 | BK25: 0 | BL25: 0 | BM25: 2 | BN25: 0 | BO25: 1 | BP25: =SUM(BD25:BG25) -> 3.25 | BQ25: 0 | BR25: 0 | BS25: 4 | BT25: 0 | BU25: 0 | BV25: 0 | BW25: 0 | BX25: 0 | BY25: 0 | BZ25: 0 | CA25: 0 | CB25: 0 | CC25: =SUM(BQ25:BT25) -> 4 | CD25: 0 | CE25: 0 | CF25: 0 | CG25: 0 | CH25: 0 | CI25: 0 | CJ25: 0 | CK25: 0 | CL25: 0 | CM25: 0 | CN25: 0 | CO25: 0 | CP25: =SUM(CD25:CG25) -> 0 | CQ25: 0 | CR25: 0 | CS25: 0 | CT25: 0 | CU25: 0 | CV25: 0 | CW25: 0 | CX25: 0 | CY25: 0 | CZ25: 0 | DA25: 0 | DB25: 0 | DC25: =SUM(CQ25:CT25) -> 0 | DD25: 0 | DE25: 0 | DF25: 0 | DG25: 0 | DH25: 0 | DI25: 0 | DJ25: 0 | DK25: 0 | DL25: 0 | DM25: 0 | DN25: 0 | DO25: 0 | DP25: =SUM(DD25:DO25) -> 0
C26: GUAYMAS | Q26: 0 | R26: 0 | S26: 2 | T26: 0 | U26: 2 | V26: 0 | W26: 0 | X26: 0 | Y26: 0 | Z26: 0 | AA26: 0 | AB26: 0 | AC26: =SUM(Q26:T26) -> 2 | AD26: 0 | AE26: 0 | AF26: 0 | AG26: 0 | AH26: 0 | AI26: 0 | AJ26: 0 | AK26: 0 | AL26: 0 | AM26: 0 | AN26: 0 | AO26: 0 | AP26: =SUM(AD26:AG26) -> 0 | AQ26: 0 | AR26: 0 | AS26: 0 | AT26: 0 | AU26: 0 | AV26: 0 | AW26: 0 | AX26: 0 | AY26: 0 | AZ26: 0 | BA26: 0 | BB26: 0 | BC26: =SUM(AQ26:AT26) -> 0 | BD26: 0 | BE26: 0 | BF26: 0 | BG26: 0 | BH26: 0 | BI26: 0 | BJ26: 0 | BK26: 0 | BL26: 0 | BM26: 0 | BN26: 0 | BO26: 0 | BP26: =SUM(BD26:BG26) -> 0 | BQ26: 0 | BR26: 0 | BS26: 0 | BT26: 0 | BU26: 0 | BV26: 0 | BW26: 0 | BX26: 0 | BY26: 0 | BZ26: 0 | CA26: 0 | CB26: 0 | CC26: =SUM(BQ26:BT26) -> 0 | CD26: 0 | CE26: 0 | CF26: 0 | CG26: 0 | CH26: 0 | CI26: 0 | CJ26: 0 | CK26: 0 | CL26: 0 | CM26: 0 | CN26: 0 | CO26: 0 | CP26: =SUM(CD26:CG26) -> 0 | CQ26: 0 | CR26: 0 | CS26: 0 | CT26: 0 | CU26: 0 | CV26: 0 | CW26: 0 | CX26: 0 | CY26: 0 | CZ26: 0 | DA26: 0 | DB26: 0 | DC26: =SUM(CQ26:CT26) -> 0 | DD26: 0 | DE26: 0 | DF26: 0 | DG26: 0 | DH26: 0 | DI26: 0 | DJ26: 0 | DK26: 0 | DL26: 0 | DM26: 0 | DN26: 0 | DO26: 0 | DP26: =SUM(DD26:DO26) -> 0
C27: HERMOSILLO | Q27: 0 | R27: 0 | S27: 2 | T27: 2 | U27: 0 | V27: 0 | W27: 0 | X27: 0 | Y27: 0 | Z27: 0 | AA27: 0 | AB27: 0 | AC27: =SUM(Q27:T27) -> 4 | AD27: 0 | AE27: 0 | AF27: 0 | AG27: 0 | AH27: 0 | AI27: 0 | AJ27: 0 | AK27: 0 | AL27: 0 | AM27: 0 | AN27: 0 | AO27: 0 | AP27: =SUM(AD27:AG27) -> 0 | AQ27: 0 | AR27: 0 | AS27: 0 | AT27: 0 | AU27: 0 | AV27: 0 | AW27: 0 | AX27: 0 | AY27: 0 | AZ27: 0 | BA27: 0 | BB27: 0 | BC27: =SUM(AQ27:AT27) -> 0 | BD27: 0 | BE27: 0 | BF27: 0 | BG27: 0 | BH27: 0 | BI27: 0 | BJ27: 0 | BK27: 0 | BL27: 0 | BM27: 0 | BN27: 0 | BO27: 0 | BP27: =SUM(BD27:BG27) -> 0 | BQ27: 0 | BR27: 0 | BS27: 0 | BT27: 0 | BU27: 0 | BV27: 0 | BW27: 0 | BX27: 0 | BY27: 0 | BZ27: 0 | CA27: 0 | CB27: 0 | CC27: =SUM(BQ27:BT27) -> 0 | CD27: 0 | CE27: 0 | CF27: 0 | CG27: 0 | CH27: 0 | CI27: 0 | CJ27: 0 | CK27: 0 | CL27: 0 | CM27: 0 | CN27: 0 | CO27: 0 | CP27: =SUM(CD27:CG27) -> 0 | CQ27: 0 | CR27: 0 | CS27: 0 | CT27: 0 | CU27: 0 | CV27: 0 | CW27: 0 | CX27: 0 | CY27: 0 | CZ27: 0 | DA27: 0 | DB27: 0 | DC27: =SUM(CQ27:CT27) -> 0 | DD27: 0 | DE27: 0 | DF27: 0 | DG27: 0 | DH27: 0 | DI27: 0 | DJ27: 0 | DK27: 0 | DL27: 0 | DM27: 0 | DN27: 0 | DO27: 0 | DP27: =SUM(DD27:DO27) -> 0
C28: NOGALES | Q28: 0 | R28: 0 | S28: 0 | T28: 0 | U28: 0 | V28: 0 | W28: 0 | X28: 0 | Y28: 0 | Z28: 0 | AA28: 0 | AB28: 0 | AC28: =SUM(Q28:T28) -> 0 | AD28: 0 | AE28: 0 | AF28: 0 | AG28: 0 | AH28: 0 | AI28: 0 | AJ28: 0 | AK28: 0 | AL28: 0 | AM28: 0 | AN28: 0 | AO28: 0 | AP28: =SUM(AD28:AG28) -> 0 | AQ28: 0 | AR28: 0 | AS28: 0 | AT28: 0 | AU28: 0 | AV28: 0 | AW28: 0 | AX28: 0 | AY28: 0 | AZ28: 0 | BA28: 0 | BB28: 0 | BC28: =SUM(AQ28:AT28) -> 0 | BD28: 0 | BE28: 0 | BF28: 0 | BG28: 0 | BH28: 0 | BI28: 0 | BJ28: 0 | BK28: 0 | BL28: 0 | BM28: 0 | BN28: 0 | BO28: 0 | BP28: =SUM(BD28:BG28) -> 0 | BQ28: 0 | BR28: 0 | BS28: 0 | BT28: 0 | BU28: 0 | BV28: 0 | BW28: 0 | BX28: 0 | BY28: 0 | BZ28: 0 | CA28: 0 | CB28: 0 | CC28: =SUM(BQ28:BT28) -> 0 | CD28: 0 | CE28: 0 | CF28: 0 | CG28: 0 | CH28: 0 | CI28: 0 | CJ28: 0 | CK28: 0 | CL28: 0 | CM28: 0 | CN28: 0 | CO28: 0 | CP28: =SUM(CD28:CG28) -> 0 | CQ28: 0 | CR28: 0 | CS28: 0 | CT28: 0 | CU28: 0 | CV28: 0 | CW28: 0 | CX28: 0 | CY28: 0 | CZ28: 0 | DA28: 0 | DB28: 0 | DC28: =SUM(CQ28:CT28) -> 0 | DD28: 0 | DE28: 0 | DF28: 0 | DG28: 0 | DH28: 0 | DI28: 0 | DJ28: 0 | DK28: 0 | DL28: 0 | DM28: 0 | DN28: 0 | DO28: 0 | DP28: =SUM(DD28:DO28) -> 0
C29: OBREGON | Q29: 0 | R29: 0 | S29: 0 | T29: 3.5 | U29: 0 | V29: 3.5 | W29: 0 | X29: 0 | Y29: 0 | Z29: 0 | AA29: 0 | AB29: 0 | AC29: =SUM(Q29:T29) -> 3.5 | AD29: 0 | AE29: 0 | AF29: 0 | AG29: 0 | AH29: 0 | AI29: 0 | AJ29: 0 | AK29: 0 | AL29: 0 | AM29: 0 | AN29: 0 | AO29: 0 | AP29: =SUM(AD29:AG29) -> 0 | AQ29: 0 | AR29: 0 | AS29: 0 | AT29: 0 | AU29: 0 | AV29: 0 | AW29: 0 | AX29: 0 | AY29: 0 | AZ29: 0 | BA29: 0 | BB29: 0 | BC29: =SUM(AQ29:AT29) -> 0 | BD29: 0 | BE29: 0 | BF29: 0 | BG29: 0 | BH29: 0 | BI29: 0 | BJ29: 0 | BK29: 0 | BL29: 0 | BM29: 0 | BN29: 0 | BO29: 0 | BP29: =SUM(BD29:BG29) -> 0 | BQ29: 0 | BR29: 0 | BS29: 0 | BT29: 0 | BU29: 0 | BV29: 0 | BW29: 0 | BX29: 0 | BY29: 0 | BZ29: 0 | CA29: 0 | CB29: 0 | CC29: =SUM(BQ29:BT29) -> 0 | CD29: 0 | CE29: 0 | CF29: 0 | CG29: 0 | CH29: 0 | CI29: 0 | CJ29: 0 | CK29: 0 | CL29: 0 | CM29: 0 | CN29: 0 | CO29: 0 | CP29: =SUM(CD29:CG29) -> 0 | CQ29: 0 | CR29: 0 | CS29: 0 | CT29: 0 | CU29: 0 | CV29: 0 | CW29: 0 | CX29: 0 | CY29: 0 | CZ29: 0 | DA29: 0 | DB29: 0 | DC29: =SUM(CQ29:CT29) -> 0 | DD29: 0 | DE29: 0 | DF29: 0 | DG29: 0 | DH29: 0 | DI29: 0 | DJ29: 0 | DK29: 0 | DL29: 0 | DM29: 0 | DN29: 0 | DO29: 0 | DP29: =SUM(DD29:DO29) -> 0
C30: TEPIC | Q30: 0 | R30: 0 | S30: 0 | T30: 14 | U30: 0 | V30: 0 | W30: 0 | X30: 0 | Y30: 0 | Z30: 0 | AA30: 0 | AB30: 0 | AC30: =SUM(Q30:T30) -> 14 | AD30: 0 | AE30: 0 | AF30: 0 | AG30: 0 | AH30: 5.85 | AI30: 0 | AJ30: 0 | AK30: 2 | AL30: 0 | AM30: 0 | AN30: 10 | AO30: 0 | AP30: =SUM(AD30:AG30) -> 0 | AQ30: 3.95 | AR30: 0 | AS30: 0 | AT30: 0 | AU30: 0 | AV30: 0 | AW30: 0 | AX30: 2 | AY30: 0 | AZ30: 0 | BA30: 0 | BB30: 1.8 | BC30: =SUM(AQ30:AT30) -> 3.95 | BD30: 0 | BE30: 2 | BF30: 0 | BG30: 0 | BH30: 0 | BI30: 2 | BJ30: 0 | BK30: 0 | BL30: 2 | BM30: 0 | BN30: 0 | BO30: 0 | BP30: =SUM(BD30:BG30) -> 2 | BQ30: 4 | BR30: 0 | BS30: 0 | BT30: 4 | BU30: 0 | BV30: 0 | BW30: 0 | BX30: 0 | BY30: 0 | BZ30: 0 | CA30: 0 | CB30: 0 | CC30: =SUM(BQ30:BT30) -> 8 | CD30: 0 | CE30: 0 | CF30: 0 | CG30: 0 | CH30: 0 | CI30: 0 | CJ30: 0 | CK30: 0 | CL30: 0 | CM30: 0 | CN30: 0 | CO30: 0 | CP30: =SUM(CD30:CG30) -> 0 | CQ30: 0 | CR30: 0 | CS30: 0 | CT30: 0 | CU30: 0 | CV30: 0 | CW30: 0 | CX30: 0 | CY30: 0 | CZ30: 0 | DA30: 0 | DB30: 0 | DC30: =SUM(CQ30:CT30) -> 0 | DD30: 0 | DE30: 0 | DF30: 0 | DG30: 0 | DH30: 0 | DI30: 0 | DJ30: 0 | DK30: 0 | DL30: 0 | DM30: 0 | DN30: 0 | DO30: 0 | DP30: =SUM(DD30:DO30) -> 0
B31: SONORA - SINALOA - NAYARIT TOTAL | Q31: =SUM(Q22:Q30) -> 0 | R31: =SUM(R22:R30) -> 7.675 | S31: =SUM(S22:S30) -> 6 | T31: =SUM(T22:T30) -> 22.65 | U31: =SUM(U22:U30) -> 8.5 | V31: =SUM(V22:V30) -> 9.4 | W31: =SUM(W22:W30) -> 13.5 | X31: =SUM(X22:X30) -> 8 | ... DP31: =SUM(DP22:DP30) -> 0
A32: PACIFICO TOTAL | Q32: =Q5+Q10+Q17+Q21+Q31 -> 2 | R32: =R5+R10+R17+R21+R31 -> 28.675 | S32: =S5+S10+S17+S21+S31 -> 26 | T32: =T5+T10+T17+T21+T31 -> 28.65 | U32: =U5+U10+U17+U21+U31 -> 40 | V32: =V5+V10+V17+V21+V31 -> 11.875 | W32: =W5+W10+W17+W21+W31 -> 38 | X32: =X5+X10+X17+X21+X31 -> 14.425 | ... DP32: =DP5+DP10+DP17+DP21+DP31 -> 0
A33: NORTE - BAJIO | B33: SLP-ZAC-AGS | C33: SAN LUIS | Q33: 2 | R33: 0 | S33: 0 | T33: 1.25 | U33: 0 | V33: 5 | W33: 9 | X33: 4 | Y33: 2 | Z33: 0 | AA33: 10.25 | AB33: 4 | AC33: =SUM(Q33:T33) -> 3.25 | AD33: 4.5 | AE33: 5.5 | AF33: 4 | AG33: 0 | AH33: 0 | AI33: 8 | AJ33: 4.525 | AK33: 0 | AL33: 1.25 | AM33: 0 | AN33: 3 | AO33: 2 | AP33: =SUM(AD33:AG33) -> 14 | AQ33: 0 | AR33: 2 | AS33: 4 | AT33: 4 | AU33: 0 | AV33: 0 | AW33: 4 | AX33: 0 | AY33: 4 | AZ33: 0 | BA33: 4 | BB33: 4 | BC33: =SUM(AQ33:AT33) -> 10 | BD33: 6.55 | BE33: 0 | BF33: 3 | BG33: 2 | BH33: 3.75 | BI33: 0 | BJ33: 3.9 | BK33: 0 | BL33: 0 | BM33: 4 | BN33: 0 | BO33: 2 | BP33: =SUM(BD33:BG33) -> 11.55 | BQ33: 0 | BR33: 0 | BS33: 0 | BT33: 0 | BU33: 0 | BV33: 0 | BW33: 0 | BX33: 0 | BY33: 0 | BZ33: 0 | CA33: 0 | CB33: 0 | CC33: =SUM(BQ33:BT33) -> 0 | CD33: 0 | CE33: 0 | CF33: 0 | CG33: 0 | CH33: 0 | CI33: 0 | CJ33: 0 | CK33: 0 | CL33: 0 | CM33: 0 | CN33: 0 | CO33: 0 | CP33: =SUM(CD33:CG33) -> 0 | CQ33: 0 | CR33: 0 | CS33: 0 | CT33: 0 | CU33: 0 | CV33: 0 | CW33: 0 | CX33: 0 | CY33: 0 | CZ33: 0 | DA33: 0 | DB33: 0 | DC33: =SUM(CQ33:CT33) -> 0 | DD33: 0 | DE33: 0 | DF33: 0 | DG33: 0 | DH33: 0 | DI33: 0 | DJ33: 0 | DK33: 0 | DL33: 0 | DM33: 0 | DN33: 0 | DO33: 0 | DP33: =SUM(DD33:DO33) -> 0
C34: ZACATECAS | Q34: 0 | R34: 0 | S34: 0 | T34: 0 | U34: 0 | V34: 0 | W34: 0 | X34: 6 | Y34: 0 | Z34: 0 | AA34: 6 | AB34: 0 | AC34: =SUM(Q34:T34) -> 0 | AD34: 0 | AE34: 0 | AF34: 0 | AG34: 0 | AH34: 5 | AI34: 0 | AJ34: 1.875 | AK34: 0 | AL34: 1.25 | AM34: 0 | AN34: 2.975 | AO34: 1.5 | AP34: =SUM(AD34:AG34) -> 0 | AQ34: 0 | AR34: 0 | AS34: 0 | AT34: 2.4 | AU34: 0 | AV34: 2 | AW34: 0 | AX34: 2 | AY34: 0 | AZ34: 2 | BA34: 2 | BB34: 0 | BC34: =SUM(AQ34:AT34) -> 2.4 | BD34: 2 | BE34: 2 | BF34: 1.7 | BG34: 0 | BH34: 1.725 | BI34: 0 | BJ34: 0 | BK34: 4 | BL34: 0 | BM34: 4 | BN34: 2 | BO34: 4 | BP34: =SUM(BD34:BG34) -> 5.7 | BQ34: 0 | BR34: 0 | BS34: 0 | BT34: 2 | BU34: 0 | BV34: 2 | BW34: 0 | BX34: 0 | BY34: 0 | BZ34: 0 | CA34: 0 | CB34: 0 | CC34: =SUM(BQ34:BT34) -> 2 | CD34: 0 | CE34: 0 | CF34: 0 | CG34: 0 | CH34: 0 | CI34: 0 | CJ34: 0 | CK34: 0 | CL34: 0 | CM34: 0 | CN34: 0 | CO34: 0 | CP34: =SUM(CD34:CG34) -> 0 | CQ34: 0 | CR34: 0 | CS34: 0 | CT34: 0 | CU34: 0 | CV34: 0 | CW34: 0 | CX34: 0 | CY34: 0 | CZ34: 0 | DA34: 0 | DB34: 0 | DC34: =SUM(CQ34:CT34) -> 0 | DD34: 0 | DE34: 0 | DF34: 0 | DG34: 0 | DH34: 0 | DI34: 0 | DJ34: 0 | DK34: 0 | DL34: 0 | DM34: 0 | DN34: 0 | DO34: 0 | DP34: =SUM(DD34:DO34) -> 0
C35: AGUASCALIENTES | Q35: 0 | R35: 0 | S35: 2 | T35: 0 | U35: 2 | V35: 2.5 | W35: 5.5 | X35: 0 | Y35: 4 | Z35: 1 | AA35: 11 | AB35: 9.95 | AC35: =SUM(Q35:T35) -> 2 | AD35: 1.2 | AE35: 0 | AF35: 0 | AG35: 6.725 | AH35: 8 | AI35: 1.2 | AJ35: 0 | AK35: 1.95 | AL35: 8.8 | AM35: 0 | AN35: 0 | AO35: 8 | AP35: =SUM(AD35:AG35) -> 7.925 | AQ35: 5 | AR35: 0 | AS35: 0 | AT35: 1.5 | AU35: 1 | AV35: 4.35 | AW35: 0 | AX35: 0 | AY35: 3.725 | AZ35: 4 | BA35: 0 | BB35: 0 | BC35: =SUM(AQ35:AT35) -> 6.5 | BD35: 6 | BE35: 5 | BF35: 6 | BG35: 10.7 | BH35: 2 | BI35: 0 | BJ35: 0 | BK35: 7 | BL35: 0 | BM35: 0 | BN35: 1.95 | BO35: 0 | BP35: =SUM(BD35:BG35) -> 27.7 | BQ35: 5 | BR35: 0 | BS35: 1.25 | BT35: 0 | BU35: 2 | BV35: 0 | BW35: 0 | BX35: 0 | BY35: 0 | BZ35: 0 | CA35: 0 | CB35: 0 | CC35: =SUM(BQ35:BT35) -> 6.25 | CD35: 0 | CE35: 0 | CF35: 0 | CG35: 0 | CH35: 0 | CJ35: 0 | CK35: 0 | CL35: 0 | CM35: 0 | CN35: 0 | CO35: 0 | CP35: =SUM(CD35:CG35) -> 0 | CQ35: 0 | CR35: 0 | CS35: 0 | CT35: 0 | CU35: 0 | CV35: 0 | CW35: 0 | CX35: 0 | CY35: 0 | CZ35: 0 | DA35: 0 | DB35: 0 | DC35: =SUM(CQ35:CT35) -> 0 | DD35: 0 | DE35: 0 | DF35: 0 | DG35: 0 | DH35: 0 | DI35: 0 | DJ35: 0 | DK35: 0 | DL35: 0 | DM35: 0 | DN35: 0 | DO35: 0 | DP35: =SUM(DD35:DO35) -> 0
B36: SLP-ZAC-AGS TOTAL | Q36: =SUM(Q33:Q35) -> 2 | R36: =SUM(R33:R35) -> 0 | S36: =SUM(S33:S35) -> 2 | T36: =SUM(T33:T35) -> 1.25 | U36: =SUM(U33:U35) -> 2 | V36: =SUM(V33:V35) -> 7.5 | W36: =SUM(W33:W35) -> 14.5 | X36: =SUM(X33:X35) -> 10 | ... DP36: =SUM(DP33:DP35) -> 0
B37: COAHUILA-DURANGO | C37: DURANGO | Q37: 0 | R37: 0 | S37: 0 | T37: 0 | U37: 6 | V37: 3 | W37: 2 | X37: 1 | Y37: 0 | Z37: 1.95 | AA37: 4 | AB37: 0 | AC37: =SUM(Q37:T37) -> 0 | AD37: 0 | AE37: 8 | AF37: 0 | AG37: 0 | AH37: 4 | AI37: 4 | AJ37: 4 | AK37: 0 | AL37: 4 | AM37: 0 | AN37: 2.75 | AO37: 0 | AP37: =SUM(AD37:AG37) -> 8 | AQ37: 2 | AR37: 0 | AS37: 1.925 | AT37: 0 | AU37: 0 | AV37: 1.9 | AW37: 0 | AX37: 0 | AY37: 2 | AZ37: 0 | BA37: 0 | BB37: 0 | BC37: =SUM(AQ37:AT37) -> 3.925 | BD37: 0 | BE37: 0 | BF37: 0 | BG37: 1.975 | BH37: 0 | BI37: 1.5 | BJ37: 0 | BK37: 2 | BL37: 0 | BM37: 0 | BN37: 2 | BO37: 2 | BP37: =SUM(BD37:BG37) -> 1.975 | BQ37: 0 | BR37: 4 | BS37: 0 | BT37: 0 | BU37: 0 | BV37: 0 | BW37: 0 | BX37: 0 | BY37: 0 | BZ37: 0 | CA37: 0 | CB37: 0 | CC37: =SUM(BQ37:BT37) -> 4 | CD37: 0 | CE37: 0 | CF37: 0 | CG37: 0 | CH37: 0 | CI37: 0 | CJ37: 0 | CK37: 0 | CL37: 0 | CM37: 0 | CN37: 0 | CO37: 0 | CP37: =SUM(CD37:CG37) -> 0 | CQ37: 0 | CR37: 0 | CS37: 0 | CT37: 0 | CU37: 0 | CV37: 0 | CW37: 0 | CX37: 0 | CY37: 0 | CZ37: 0 | DA37: 0 | DB37: 0 | DC37: =SUM(CQ37:CT37) -> 0 | DD37: 0 | DE37: 0 | DF37: 0 | DG37: 0 | DH37: 0 | DI37: 0 | DJ37: 0 | DK37: 0 | DL37: 0 | DM37: 0 | DN37: 0 | DO37: 0 | DP37: =SUM(DD37:DO37) -> 0
C38: MONCLOVA | Q38: 0 | R38: 0 | S38: 0 | T38: 0 | U38: 0 | V38: 0 | W38: 0 | X38: 0 | Y38: 4 | Z38: 0 | AA38: 0 | AB38: 0 | AC38: =SUM(Q38:T38) -> 0 | AD38: 4 | AE38: 0 | AF38: 0 | AG38: 2 | AH38: 2 | AI38: 0 | AJ38: 4 | AK38: 0 | AL38: 4 | AM38: 0 | AN38: 0 | AO38: 0 | AP38: =SUM(AD38:AG38) -> 6 | AQ38: 2 | AR38: 0 | AS38: 0 | AT38: 2 | AU38: 3 | AV38: 2 | AW38: 0 | AX38: 0 | AY38: 2 | AZ38: 2 | BA38: 4 | BB38: 2 | BC38: =SUM(AQ38:AT38) -> 4 | BD38: 2 | BE38: 0 | BF38: 0 | BG38: 0 | BH38: 4 | BI38: 0 | BJ38: 0 | BK38: 0 | BL38: 2 | BM38: 4 | BN38: 4 | BO38: 2 | BP38: =SUM(BD38:BG38) -> 2 | BQ38: 2 | BR38: 0 | BS38: 0 | BT38: 0 | BU38: 0 | BV38: 0 | BW38: 0 | BX38: 0 | BY38: 0 | BZ38: 0 | CA38: 0 | CB38: 0 | CC38: =SUM(BQ38:BT38) -> 2 | CD38: 0 | CE38: 0 | CF38: 0 | CG38: 0 | CH38: 0 | CI38: 0 | CJ38: 0 | CK38: 0 | CL38: 0 | CM38: 0 | CN38: 0 | CO38: 0 | CP38: =SUM(CD38:CG38) -> 0 | CQ38: 0 | CR38: 0 | CS38: 0 | CT38: 0 | CU38: 0 | CV38: 0 | CW38: 0 | CX38: 0 | CY38: 0 | CZ38: 0 | DA38: 0 | DB38: 0 | DC38: =SUM(CQ38:CT38) -> 0 | DD38: 0 | DE38: 0 | DF38: 0 | DG38: 0 | DH38: 0 | DI38: 0 | DJ38: 0 | DK38: 0 | DL38: 0 | DM38: 0 | DN38: 0 | DO38: 0 | DP38: =SUM(DD38:DO38) -> 0
C39: PIEDRAS NEGRAS | Q39: 0 | R39: 6 | S39: 0 | T39: 0 | U39: 2 | V39: 4 | W39: 2 | X39: 0 | Y39: 8 | Z39: 2 | AA39: 4 | AB39: 4 | AC39: =SUM(Q39:T39) -> 6 | AD39: 4 | AE39: 8 | AF39: 6 | AG39: 0 | AH39: 2 | AI39: 26 | AJ39: 12 | AK39: 0 | AL39: 0 | AM39: 6 | AN39: 20 | AO39: 0 | AP39: =SUM(AD39:AG39) -> 18 | AQ39: 0 | AR39: 0 | AS39: 4 | AT39: 0 | AU39: 5 | AV39: 0 | AW39: 2 | AX39: 0 | AY39: 0 | AZ39: 2 | BA39: 16 | BB39: 0 | BC39: =SUM(AQ39:AT39) -> 4 | BD39: 6 | BE39: 7.85 | BF39: 8 | BG39: 6 | BH39: 10 | BI39: 4 | BJ39: 10 | BK39: 4 | BL39: 4 | BM39: 10 | BN39: 10 | BO39: 6 | BP39: =SUM(BD39:BG39) -> 27.85 | BQ39: 10 | BR39: 1.95 | BS39: 14 | BT39: 4 | BU39: -2 | BV39: 0 | BW39: 0 | BX39: 0 | BY39: 0 | BZ39: 0 | CA39: 0 | CB39: 0 | CC39: =SUM(BQ39:BT39) -> 29.95 | CD39: 0 | CE39: 0 | CF39: 0 | CG39: 0 | CH39: 0 | CI39: 0 | CJ39: 0 | CK39: 0 | CL39: 0 | CM39: 0 | CN39: 0 | CO39: 0 | CP39: =SUM(CD39:CG39) -> 0 | CQ39: 0 | CR39: 0 | CS39: 0 | CT39: 0 | CU39: 0 | CV39: 0 | CW39: 0 | CX39: 0 | CY39: 0 | CZ39: 0 | DA39: 0 | DB39: 0 | DC39: =SUM(CQ39:CT39) -> 0 | DD39: 0 | DE39: 0 | DF39: 0 | DG39: 0 | DH39: 0 | DI39: 0 | DJ39: 0 | DK39: 0 | DL39: 0 | DM39: 0 | DN39: 0 | DO39: 0 | DP39: =SUM(DD39:DO39) -> 0
C40: SALTILLO | Q40: 5.975 | R40: 6 | S40: 0 | T40: 0 | U40: 0 | V40: 0 | W40: 0 | X40: 0 | Y40: 4 | Z40: 2 | AA40: 2 | AB40: 0 | AC40: =SUM(Q40:T40) -> 11.975 | AD40: 8 | AE40: 2 | AF40: 8 | AG40: 4 | AH40: 1.95 | AI40: 2 | AJ40: 6 | AK40: 0 | AL40: 2 | AM40: 0 | AN40: 0 | AO40: 2 | AP40: =SUM(AD40:AG40) -> 22 | AQ40: 0 | AR40: 0 | AS40: 0 | AT40: 0 | AU40: 0 | AV40: 4 | AW40: 4.975 | AX40: 4 | AY40: 4 | AZ40: 8 | BA40: 18 | BB40: 0 | BC40: =SUM(AQ40:AT40) -> 0 | BD40: 0 | BE40: 4.825 | BF40: 8 | BG40: 4 | BH40: 4 | BI40: 8 | BJ40: 5.95 | BK40: 4 | BL40: 14 | BM40: 2 | BN40: 2 | BO40: 4 | BP40: =SUM(BD40:BG40) -> 16.825 | BQ40: 6 | BR40: 3.95 | BS40: 5.95 | BT40: 2 | BU40: 2 | BV40: 0 | BW40: 0 | BX40: 0 | BY40: 0 | BZ40: 0 | CA40: 0 | CB40: 0 | CC40: =SUM(BQ40:BT40) -> 17.9 | CD40: 0 | CE40: 0 | CF40: 0 | CG40: 0 | CH40: 0 | CI40: 0 | CJ40: 0 | CK40: 0 | CL40: 0 | CM40: 0 | CN40: 0 | CO40: 0 | CP40: =SUM(CD40:CG40) -> 0 | CQ40: 0 | CR40: 0 | CS40: 0 | CT40: 0 | CU40: 0 | CV40: 0 | CW40: 0 | CX40: 0 | CY40: 0 | CZ40: 0 | DA40: 0 | DB40: 0 | DC40: =SUM(CQ40:CT40) -> 0 | DD40: 0 | DE40: 0 | DF40: 0 | DG40: 0 | DH40: 0 | DI40: 0 | DJ40: 0 | DK40: 0 | DL40: 0 | DM40: 0 | DN40: 0 | DO40: 0 | DP40: =SUM(DD40:DO40) -> 0
C41: TORREON | Q41: 0 | R41: 4 | S41: 0 | T41: 2 | U41: 4 | V41: 0 | W41: 7.925 | X41: 0 | Y41: 0 | Z41: 0 | AA41: 5.925 | AB41: 4 | AC41: =SUM(Q41:T41) -> 6 | AD41: 2 | AE41: 7.5 | AF41: 2 | AG41: 0 | AH41: 2 | AI41: 6.75 | AJ41: 0 | AK41: 0 | AL41: 4.5 | AM41: 0 | AN41: 0 | AO41: 0 | AP41: =SUM(AD41:AG41) -> 11.5 | AQ41: 3.725 | AR41: 2.25 | AS41: 4 | AT41: 0 | AU41: 0 | AV41: 6 | AW41: 0 | AX41: 1.875 | AY41: 0 | AZ41: 0 | BA41: 0 | BB41: 0 | BC41: =SUM(AQ41:AT41) -> 9.975 | BD41: 0 | BE41: 3.9 | BF41: 0 | BG41: 0 | BH41: 0 | BI41: 0 | BJ41: 2 | BK41: 0 | BL41: 0 | BM41: 3.8 | BN41: 0 | BO41: 0 | BP41: =SUM(BD41:BG41) -> 3.9 | BQ41: 5.7 | BR41: 2 | BS41: 0 | BT41: 2 | BU41: 0 | BV41: 1.8 | BW41: 0 | BX41: 0 | BY41: 0 | BZ41: 0 | CA41: 0 | CB41: 0 | CC41: =SUM(BQ41:BT41) -> 9.7 | CD41: 0 | CE41: 0 | CF41: 0 | CG41: 0 | CH41: 0 | CI41: 0 | CJ41: 0 | CK41: 0 | CL41: 0 | CM41: 0 | CN41: 0 | CO41: 0 | CP41: =SUM(CD41:CG41) -> 0 | CQ41: 0 | CR41: 0 | CS41: 0 | CT41: 0 | CU41: 0 | CV41: 0 | CW41: 0 | CX41: 0 | CY41: 0 | CZ41: 0 | DA41: 0 | DB41: 0 | DC41: =SUM(CQ41:CT41) -> 0 | DD41: 0 | DE41: 0 | DF41: 0 | DG41: 0 | DH41: 0 | DI41: 0 | DJ41: 0 | DK41: 0 | DL41: 0 | DM41: 0 | DN41: 0 | DO41: 0 | DP41: =SUM(DD41:DO41) -> 0
B42: COAHUILA-DURANGO TOTAL | Q42: =SUM(Q37:Q41) -> 5.975 | R42: =SUM(R37:R41) -> 16 | S42: =SUM(S37:S41) -> 0 | T42: =SUM(T37:T41) -> 2 | U42: =SUM(U37:U41) -> 12 | V42: =SUM(V37:V41) -> 7 | W42: =SUM(W37:W41) -> 11.925 | X42: =SUM(X37:X41) -> 1 | ... BV42: =SUM(BV37:BV41) -> 1.8 | BW42: 0 | BX42: =SUM(BX37:BX41) -> 0 | BY42: =SUM(BY37:BY41) -> 0 | BZ42: =SUM(BZ37:BZ41) -> 0 | CA42: =SUM(CA37:CA41) -> 0 | CB42: =SUM(CB37:CB41) -> 0 | CC42: =SUM(CC37:CC41) -> 63.55 | CD42: =SUM(CD37:CD41) -> 0 | CE42: =SUM(CE37:CE41) -> 0 | ... CI42: =SUM(CI37:CI41) -> 0 | CJ42: 0 | CK42: =SUM(CK37:CK41) -> 0 | CL42: =SUM(CL37:CL41) -> 0 | CM42: =SUM(CM37:CM41) -> 0 | CN42: =SUM(CN37:CN41) -> 0 | CO42: =SUM(CO37:CO41) -> 0 | CP42: =SUM(CP37:CP41) -> 0 | CQ42: =SUM(CQ37:CQ41) -> 0 | CR42: =SUM(CR37:CR41) -> 0 | ... CV42: =SUM(CV37:CV41) -> 0 | CW42: 0 | CX42: =SUM(CX37:CX41) -> 0 | CY42: =SUM(CY37:CY41) -> 0 | CZ42: =SUM(CZ37:CZ41) -> 0 | DA42: =SUM(DA37:DA41) -> 0 | DB42: =SUM(DB37:DB41) -> 0 | DC42: =SUM(DC37:DC41) -> 0 | DD42: =SUM(DD37:DD41) -> 0 | DE42: =SUM(DE37:DE41) -> 0 | ... DI42: =SUM(DI37:DI41) -> 0 | DJ42: 0 | DK42: =SUM(DK37:DK41) -> 0 | DL42: =SUM(DL37:DL41) -> 0 | DM42: =SUM(DM37:DM41) -> 0 | DN42: =SUM(DN37:DN41) -> 0 | DO42: =SUM(DO37:DO41) -> 0 | DP42: =SUM(DP37:DP41) -> 0
B43: TAMPS-VER | C43: MATAMOROS | Q43: 0 | R43: 4 | S43: 7.725 | T43: 0 | U43: 0 | V43: 0 | W43: 0 | X43: 0 | Y43: 4 | Z43: 0 | AA43: 4 | AB43: 0 | AC43: =SUM(Q43:T43) -> 11.725 | AD43: 0 | AE43: 4 | AF43: 2 | AG43: 0 | AH43: 4 | AI43: 0 | AJ43: 4 | AK43: 0 | AL43: 4 | AM43: 4 | AN43: 4 | AO43: 0 | AP43: =SUM(AD43:AG43) -> 6 | AQ43: 4 | AR43: 4.25 | AS43: 4 | AT43: 4 | AU43: 0 | AV43: 0 | AW43: 2 | AX43: 2 | AY43: 2 | AZ43: 3.95 | BA43: 3.95 | BB43: 1.95 | BC43: =SUM(AQ43:AT43) -> 16.25 | BD43: 8 | BE43: 4 | BF43: 4 | BG43: 8 | BH43: 2 | BI43: 4 | BJ43: 8 | BK43: 0 | BL43: 8 | BM43: 2 | BN43: 0 | BO43: 6 | BP43: =SUM(BD43:BG43) -> 24 | BQ43: 6 | BR43: 2 | BS43: 10 | BT43: 3.9 | BU43: 0 | BV43: 0 | BW43: 0 | BX43: 0 | BY43: 0 | BZ43: 0 | CA43: 0 | CB43: 0 | CC43: =SUM(BQ43:BT43) -> 21.9 | CD43: 0 | CE43: 0 | CF43: 0 | CG43: 0 | CH43: 0 | CI43: 0 | CJ43: 0 | CK43: 0 | CL43: 0 | CM43: 0 | CN43: 0 | CO43: 0 | CP43: =SUM(CD43:CG43) -> 0 | CQ43: 0 | CR43: 0 | CS43: 0 | CT43: 0 | CU43: 0 | CV43: 0 | CW43: 0 | CX43: 0 | CY43: 0 | CZ43: 0 | DA43: 0 | DB43: 0 | DC43: =SUM(CQ43:CT43) -> 0 | DD43: 0 | DE43: 0 | DF43: 0 | DG43: 0 | DH43: 0 | DI43: 0 | DJ43: 0 | DK43: 0 | DL43: 0 | DM43: 0 | DN43: 0 | DO43: 0 | DP43: =SUM(DD43:DO43) -> 0
C44: N LAREDO | Q44: 4 | R44: 0 | S44: 4 | T44: 0 | U44: 0 | V44: 2 | W44: 2 | X44: 2 | Y44: 6 | Z44: -2 | AA44: 6 | AB44: 2 | AC44: =SUM(Q44:T44) -> 8 | AD44: 4 | AE44: 4 | AF44: -2 | AG44: 2 | AH44: 0 | AI44: 2 | AJ44: 4 | AK44: 0 | AL44: 4 | AM44: 0 | AN44: 0 | AO44: 4 | AP44: =SUM(AD44:AG44) -> 8 | AQ44: 0 | AR44: 4 | AS44: 0 | AT44: 2 | AU44: 0 | AV44: 0 | AW44: 0 | AX44: 0 | AY44: 0 | AZ44: 0 | BA44: 0 | BB44: 2 | BC44: =SUM(AQ44:AT44) -> 6 | BD44: 0 | BE44: 2 | BF44: 2 | BG44: 4 | BH44: 4 | BI44: 4 | BJ44: 4 | BK44: 4 | BL44: 8 | BM44: 8 | BN44: 2 | BO44: 6 | BP44: =SUM(BD44:BG44) -> 8 | BQ44: 4 | BR44: 6 | BS44: 4 | BT44: 2 | BU44: 2 | BV44: 0 | BW44: 0 | BX44: 0 | BY44: 0 | BZ44: 0 | CA44: 0 | CB44: 0 | CC44: =SUM(BQ44:BT44) -> 16 | CD44: 0 | CE44: 0 | CF44: 0 | CG44: 0 | CH44: 0 | CI44: 0 | CJ44: 0 | CK44: 0 | CL44: 0 | CM44: 0 | CN44: 0 | CO44: 0 | CP44: =SUM(CD44:CG44) -> 0 | CQ44: 0 | CR44: 0 | CS44: 0 | CT44: 0 | CU44: 0 | CV44: 0 | CW44: 0 | CX44: 0 | CY44: 0 | CZ44: 0 | DA44: 0 | DB44: 0 | DC44: =SUM(CQ44:CT44) -> 0 | DD44: 0 | DE44: 0 | DF44: 0 | DG44: 0 | DH44: 0 | DI44: 0 | DJ44: 0 | DK44: 0 | DL44: 0 | DM44: 0 | DN44: 0 | DO44: 0 | DP44: =SUM(DD44:DO44) -> 0
C45: POZARICA | Q45: 0 | R45: 0 | S45: 0 | T45: 0 | U45: 0 | V45: 0 | W45: 0 | X45: 0 | Y45: 0 | Z45: 0 | AA45: 0 | AB45: 0 | AC45: =SUM(Q45:T45) -> 0 | AD45: 0 | AE45: 0 | AF45: 0 | AG45: 0 | AH45: 2 | AI45: 0 | AJ45: 0 | AK45: 0 | AL45: 1.975 | AM45: 0 | AN45: 0 | AO45: 2 | AP45: =SUM(AD45:AG45) -> 0 | AQ45: 0 | AR45: 0 | AS45: 0 | AT45: 0 | AU45: 1 | AV45: 0 | AW45: 1 | AX45: 0 | AY45: 0 | AZ45: 0 | BA45: 0 | BB45: 0 | BC45: =SUM(AQ45:AT45) -> 0 | BD45: 0 | BE45: 2 | BF45: 0 | BG45: 2 | BH45: 0 | BI45: 0 | BJ45: 0 | BK45: 0 | BL45: 4 | BM45: 0 | BN45: 0 | BO45: 0 | BP45: =SUM(BD45:BG45) -> 4 | BQ45: 4 | BR45: 0 | BS45: 0 | BT45: 0 | BU45: 0 | BV45: 0 | BW45: 0 | BX45: 0 | BY45: 0 | BZ45: 0 | CA45: 0 | CB45: 0 | CC45: =SUM(BQ45:BT45) -> 4 | CD45: 0 | CE45: 0 | CF45: 0 | CG45: 0 | CH45: 0 | CI45: 0 | CJ45: 0 | CK45: 0 | CL45: 0 | CM45: 0 | CN45: 0 | CO45: 0 | CP45: =SUM(CD45:CG45) -> 0 | CQ45: 0 | CR45: 0 | CS45: 0 | CT45: 0 | CU45: 0 | CV45: 0 | CW45: 0 | CX45: 0 | CY45: 0 | CZ45: 0 | DA45: 0 | DB45: 0 | DC45: =SUM(CQ45:CT45) -> 0 | DD45: 0 | DE45: 0 | DF45: 0 | DG45: 0 | DH45: 0 | DI45: 0 | DJ45: 0 | DK45: 0 | DL45: 0 | DM45: 0 | DN45: 0 | DO45: 0 | DP45: =SUM(DD45:DO45) -> 0
C46: REYNOSA | Q46: 0 | R46: 0 | S46: 3.425 | T46: 0 | U46: 8.8 | V46: 0 | W46: 0 | X46: 0 | Y46: 8.45 | Z46: 0 | AA46: 0 | AB46: 3 | AC46: =SUM(Q46:T46) -> 3.425 | AD46: 10.925 | AE46: 4 | AF46: 0 | AG46: 0 | AH46: 0 | AI46: 0 | AJ46: 7.75 | AK46: 0 | AL46: 2 | AM46: 0 | AN46: 0 | AO46: 0 | AP46: =SUM(AD46:AG46) -> 14.925 | AQ46: 4 | AR46: 0 | AS46: 4 | AT46: 2 | AU46: 0 | AV46: 0 | AW46: 2 | AX46: 0 | AY46: 2 | AZ46: 8 | BA46: 0 | BB46: 8 | BC46: =SUM(AQ46:AT46) -> 10 | BD46: 6 | BE46: 2 | BF46: 6 | BG46: 6 | BH46: 6 | BI46: 2 | BJ46: 6 | BK46: 6 | BL46: 4 | BM46: 4 | BN46: 5.975 | BO46: 4 | BP46: =SUM(BD46:BG46) -> 20 | BQ46: 2 | BR46: 2 | BS46: 7.975 | BT46: 0 | BU46: 0 | BV46: 0 | BW46: 0 | BX46: 0 | BY46: 0 | BZ46: 0 | CA46: 0 | CB46: 0 | CC46: =SUM(BQ46:BT46) -> 11.975 | CD46: 0 | CE46: 0 | CF46: 0 | CG46: 0 | CH46: 0 | CI46: 0 | CJ46: 0 | CK46: 0 | CL46: 0 | CM46: 0 | CN46: 0 | CO46: 0 | CP46: =SUM(CD46:CG46) -> 0 | CQ46: 0 | CR46: 0 | CS46: 0 | CT46: 0 | CU46: 0 | CV46: 0 | CW46: 0 | CX46: 0 | CY46: 0 | CZ46: 0 | DA46: 0 | DB46: 0 | DC46: =SUM(CQ46:CT46) -> 0 | DD46: 0 | DE46: 0 | DF46: 0 | DG46: 0 | DH46: 0 | DI46: 0 | DJ46: 0 | DK46: 0 | DL46: 0 | DM46: 0 | DN46: 0 | DO46: 0 | DP46: =SUM(DD46:DO46) -> 0
C47: TAMPICO | Q47: 0 | R47: 0 | S47: 0 | T47: 0 | U47: 0 | V47: 0 | W47: 0 | X47: 4 | Y47: 0 | Z47: 0 | AA47: 0 | AB47: 0 | AC47: =SUM(Q47:T47) -> 0 | AD47: 8 | AE47: 0 | AF47: 0 | AG47: 0 | AH47: 0 | AI47: 1.8 | AJ47: 0 | AK47: 0 | AL47: 3.725 | AM47: 0 | AN47: 0 | AO47: 0 | AP47: =SUM(AD47:AG47) -> 8 | AQ47: 0 | AR47: 2 | AS47: 0 | AT47: 0 | AU47: 0 | AV47: 1.825 | AW47: 0 | AX47: 0 | AY47: 2 | AZ47: 0 | BA47: 2 | BB47: 0 | BC47: =SUM(AQ47:AT47) -> 2 | BD47: 4 | BE47: 2 | BF47: 0 | BG47: 2 | BH47: 2 | BI47: 0 | BJ47: 2 | BK47: 1.85 | BL47: 1.975 | BM47: 0 | BN47: 1.625 | BO47: 3.925 | BP47: =SUM(BD47:BG47) -> 8 | BQ47: 2 | BR47: 3.925 | BS47: 1.975 | BT47: 0 | BU47: 0 | BV47: 0 | BW47: 0 | BX47: 0 | BY47: 0 | BZ47: 0 | CA47: 0 | CB47: 0 | CC47: =SUM(BQ47:BT47) -> 7.9 | CD47: 0 | CE47: 0 | CF47: 0 | CG47: 0 | CH47: 0 | CI47: 0 | CJ47: 0 | CK47: 0 | CL47: 0 | CM47: 0 | CN47: 0 | CO47: 0 | CP47: =SUM(CD47:CG47) -> 0 | CQ47: 0 | CR47: 0 | CS47: 0 | CT47: 0 | CU47: 0 | CV47: 0 | CW47: 0 | CX47: 0 | CY47: 0 | CZ47: 0 | DA47: 0 | DB47: 0 | DC47: =SUM(CQ47:CT47) -> 0 | DD47: 0 | DE47: 0 | DF47: 0 | DG47: 0 | DH47: 0 | DI47: 0 | DJ47: 0 | DK47: 0 | DL47: 0 | DM47: 0 | DN47: 0 | DO47: 0 | DP47: =SUM(DD47:DO47) -> 0
C48: VICTORIA | Q48: 0 | R48: 8 | S48: 0 | T48: 0 | U48: 0 | V48: 0 | W48: 0 | X48: 0 | Y48: 2 | Z48: 0 | AA48: 6 | AB48: 0 | AC48: =SUM(Q48:T48) -> 8 | AD48: 10 | AE48: 0 | AF48: 0 | AG48: 7.9 | AH48: 0 | AI48: 0 | AJ48: 16 | AK48: 0 | AL48: 0 | AM48: 0 | AN48: 4 | AO48: 0 | AP48: =SUM(AD48:AG48) -> 17.9 | AQ48: 0 | AR48: 0 | AS48: 6 | AT48: 8 | AU48: 0 | AV48: 0 | AW48: 2 | AX48: 0 | AY48: 2 | AZ48: 3.975 | BA48: 8 | BB48: 0 | BC48: =SUM(AQ48:AT48) -> 14 | BD48: 0 | BE48: 3.95 | BF48: 2 | BG48: 0 | BH48: 2 | BI48: 0 | BJ48: 6 | BK48: 2 | BL48: 0 | BM48: 0 | BN48: 0 | BO48: 4 | BP48: =SUM(BD48:BG48) -> 5.95 | BQ48: 2 | BR48: 2 | BS48: 1.975 | BT48: 0 | BU48: 0 | BV48: 0 | BW48: 0 | BX48: 0 | BY48: 0 | BZ48: 0 | CA48: 0 | CB48: 0 | CC48: =SUM(BQ48:BT48) -> 5.975 | CD48: 0 | CE48: 0 | CF48: 0 | CG48: 0 | CH48: 0 | CI48: 0 | CJ48: 0 | CK48: 0 | CL48: 0 | CM48: 0 | CN48: 0 | CO48: 0 | CP48: =SUM(CD48:CG48) -> 0 | CQ48: 0 | CR48: 0 | CS48: 0 | CT48: 0 | CU48: 0 | CV48: 0 | CW48: 0 | CX48: 0 | CY48: 0 | CZ48: 0 | DA48: 0 | DB48: 0 | DC48: =SUM(CQ48:CT48) -> 0 | DD48: 0 | DE48: 0 | DF48: 0 | DG48: 0 | DH48: 0 | DI48: 0 | DJ48: 0 | DK48: 0 | DL48: 0 | DM48: 0 | DN48: 0 | DO48: 0 | DP48: =SUM(DD48:DO48) -> 0
B49: TAMPS-VER TOTAL | Q49: =SUM(Q43:Q48) -> 4 | R49: =SUM(R43:R48) -> 12 | S49: =SUM(S43:S48) -> 15.15 | T49: =SUM(T43:T48) -> 0 | U49: =SUM(U43:U48) -> 8.8 | V49: =SUM(V43:V48) -> 2 | W49: =SUM(W43:W48) -> 2 | X49: =SUM(X43:X48) -> 6 | ... BV49: =SUM(BV43:BV48) -> 0 | BW49: 0 | BX49: =SUM(BX43:BX48) -> 0 | BY49: =SUM(BY43:BY48) -> 0 | BZ49: =SUM(BZ43:BZ48) -> 0 | CA49: =SUM(CA43:CA48) -> 0 | CB49: =SUM(CB43:CB48) -> 0 | CC49: =SUM(CC43:CC48) -> 67.75 | CD49: =SUM(CD43:CD48) -> 0 | CE49: =SUM(CE43:CE48) -> 0 | ... CI49: =SUM(CI43:CI48) -> 0 | CJ49: 0 | CK49: =SUM(CK43:CK48) -> 0 | CL49: =SUM(CL43:CL48) -> 0 | CM49: =SUM(CM43:CM48) -> 0 | CN49: =SUM(CN43:CN48) -> 0 | CO49: =SUM(CO43:CO48) -> 0 | CP49: =SUM(CP43:CP48) -> 0 | CQ49: =SUM(CQ43:CQ48) -> 0 | CR49: =SUM(CR43:CR48) -> 0 | ... CV49: =SUM(CV43:CV48) -> 0 | CW49: 0 | CX49: =SUM(CX43:CX48) -> 0 | CY49: =SUM(CY43:CY48) -> 0 | CZ49: =SUM(CZ43:CZ48) -> 0 | DA49: =SUM(DA43:DA48) -> 0 | DB49: =SUM(DB43:DB48) -> 0 | DC49: =SUM(DC43:DC48) -> 0 | DD49: =SUM(DD43:DD48) -> 0 | DE49: =SUM(DE43:DE48) -> 0 | ... DI49: =SUM(DI43:DI48) -> 0 | DJ49: 0 | DK49: =SUM(DK43:DK48) -> 0 | DL49: =SUM(DL43:DL48) -> 0 | DM49: =SUM(DM43:DM48) -> 0 | DN49: =SUM(DN43:DN48) -> 0 | DO49: =SUM(DO43:DO48) -> 0 | DP49: =SUM(DP43:DP48) -> 0
B50: GTO-QRO | C50: QUERETARO | Q50: 4 | R50: 0 | S50: 2 | T50: 0 | U50: 0 | V50: 4 | W50: 4 | X50: 8 | Y50: 0 | Z50: 3.975 | AA50: 2.525 | AB50: 3.75 | AC50: =SUM(Q50:T50) -> 6 | AD50: 7.25 | AE50: 8 | AF50: 6 | AG50: 4 | AH50: 8 | AI50: 2 | AJ50: 6 | AK50: 0 | AL50: 1 | AM50: 0 | AN50: 3.5 | AO50: 0 | AP50: =SUM(AD50:AG50) -> 25.25 | AQ50: 4 | AR50: 6 | AS50: 0 | AT50: 9 | AU50: 4 | AV50: 4 | AW50: 2 | AX50: 6 | AY50: 4 | AZ50: 4 | BA50: 11.075 | BB50: 5.7 | BC50: =SUM(AQ50:AT50) -> 19 | BD50: 4 | BE50: 8 | BF50: 4 | BG50: 5.275 | BH50: 6 | BI50: 7 | BJ50: 6.475 | BK50: 17.95 | BL50: 4 | BM50: 11 | BN50: 11 | BO50: 17.975 | BP50: =SUM(BD50:BG50) -> 21.275 | BQ50: 30 | BR50: 4 | BS50: 8 | BT50: 13 | BU50: 3 | BV50: 0 | BW50: 0 | BX50: 0 | BY50: 0 | BZ50: 0 | CA50: 0 | CB50: 0 | CC50: =SUM(BQ50:BT50) -> 55 | CD50: 0 | CE50: 0 | CF50: 0 | CG50: 0 | CH50: 0 | CI50: 0 | CJ50: 0 | CK50: 0 | CL50: 0 | CM50: 0 | CN50: 0 | CO50: 0 | CP50: =SUM(CD50:CG50) -> 0 | CQ50: 0 | CR50: 0 | CS50: 0 | CT50: 0 | CU50: 0 | CV50: 0 | CW50: 0 | CX50: 0 | CY50: 0 | CZ50: 0 | DA50: 0 | DB50: 0 | DC50: =SUM(CQ50:CT50) -> 0 | DD50: 0 | DE50: 0 | DF50: 0 | DG50: 0 | DH50: 0 | DI50: 0 | DJ50: 0 | DK50: 0 | DL50: 0 | DM50: 0 | DN50: 0 | DO50: 0 | DP50: =SUM(DD50:DO50) -> 0
C51: SAN JUAN | Q51: 0 | R51: 0 | S51: 0 | T51: 0 | U51: 0 | V51: 0 | W51: 0 | X51: 2 | Y51: 0 | Z51: 0 | AA51: 0 | AB51: 0 | AC51: =SUM(Q51:T51) -> 0 | AD51: 0 | AE51: 0 | AF51: 0 | AG51: 0 | AH51: 4.5 | AI51: 0 | AJ51: 0 | AK51: 0 | AL51: 0 | AM51: 0 | AN51: 0 | AO51: 0 | AP51: =SUM(AD51:AG51) -> 0 | AQ51: 0 | AR51: 0 | AS51: 0 | AT51: 0 | AU51: 5 | AV51: 0 | AW51: 0 | AX51: 0.825 | AY51: 0 | AZ51: 5 | BA51: 0 | BB51: 0 | BC51: =SUM(AQ51:AT51) -> 0 | BD51: 0 | BE51: 2 | BF51: 0 | BG51: 0 | BH51: 0 | BI51: 2 | BJ51: 2 | BK51: 0 | BL51: 0 | BM51: 4 | BN51: 0 | BO51: 0 | BP51: =SUM(BD51:BG51) -> 2 | BQ51: 0 | BR51: 0 | BS51: 0 | BT51: 0 | BU51: 0 | BV51: 0 | BW51: 0 | BX51: 0 | BY51: 0 | BZ51: 0 | CA51: 0 | CB51: 0 | CC51: =SUM(BQ51:BT51) -> 0 | CD51: 0 | CE51: 0 | CF51: 0 | CG51: 0 | CH51: 0 | CI51: 0 | CJ51: 0 | CK51: 0 | CL51: 0 | CM51: 0 | CN51: 0 | CO51: 0 | CP51: =SUM(CD51:CG51) -> 0 | CQ51: 0 | CR51: 0 | CS51: 0 | CT51: 0 | CU51: 0 | CV51: 0 | CW51: 0 | CX51: 0 | CY51: 0 | CZ51: 0 | DA51: 0 | DB51: 0 | DC51: =SUM(CQ51:CT51) -> 0 | DD51: 0 | DE51: 0 | DF51: 0 | DG51: 0 | DH51: 0 | DI51: 0 | DJ51: 0 | DK51: 0 | DL51: 0 | DM51: 0 | DN51: 0 | DO51: 0 | DP51: =SUM(DD51:DO51) -> 0
C52: CELAYA | Q52: 0 | R52: 0 | S52: 0 | T52: 0 | U52: 0 | V52: 0 | W52: 0 | X52: 0 | Y52: 0 | Z52: 2 | AA52: 2 | AB52: 0 | AC52: =SUM(Q52:T52) -> 0 | AD52: 6 | AE52: 6 | AF52: 0 | AG52: 1.35 | AH52: 2 | AI52: 0 | AJ52: 3 | AK52: 2 | AL52: 0 | AM52: 3 | AN52: 0 | AO52: 5.95 | AP52: =SUM(AD52:AG52) -> 13.35 | AQ52: 0 | AR52: 0 | AS52: 0.8 | AT52: 0 | AU52: 0 | AV52: 2 | AW52: 0 | AX52: 4 | AY52: 2 | AZ52: 0 | BA52: 4 | BB52: 0 | BC52: =SUM(AQ52:AT52) -> 0.8 | BD52: 4 | BE52: 6 | BF52: 0 | BG52: 0 | BH52: 0 | BI52: 2 | BJ52: 0 | BK52: 0 | BL52: 4 | BM52: 2.25 | BN52: 6 | BO52: 0 | BP52: =SUM(BD52:BG52) -> 10 | BQ52: 2 | BR52: 0 | BS52: 4 | BT52: 0 | BU52: 0 | BV52: 0 | BW52: 0 | BX52: 0 | BY52: 0 | BZ52: 0 | CA52: 0 | CB52: 0 | CC52: =SUM(BQ52:BT52) -> 6 | CD52: 0 | CE52: 0 | CF52: 0 | CG52: 0 | CH52: 0 | CJ52: 0 | CK52: 0 | CL52: 0 | CM52: 0 | CN52: 0 | CO52: 0 | CP52: =SUM(CD52:CG52) -> 0 | CQ52: 0 | CR52: 0 | CS52: 0 | CT52: 0 | CU52: 0 | CV52: 0 | CW52: 0 | CX52: 0 | CY52: 0 | CZ52: 0 | DA52: 0 | DB52: 0 | DC52: =SUM(CQ52:CT52) -> 0 | DD52: 0 | DE52: 0 | DF52: 0 | DG52: 0 | DH52: 0 | DI52: 0 | DJ52: 0 | DK52: 0 | DL52: 0 | DM52: 0 | DN52: 0 | DO52: 0 | DP52: =SUM(DD52:DO52) -> 0
C53: IRAPUATO | Q53: 3.925 | R53: 0 | S53: 0 | T53: 7.65 | U53: 1 | V53: 3.675 | W53: 3.925 | X53: 3.675 | Y53: 3.775 | Z53: 0 | AA53: 0 | AB53: 0 | AC53: =SUM(Q53:T53) -> 11.575 | AD53: 8.775 | AE53: 3 | AF53: 8 | AG53: 0 | AH53: 11.25 | AI53: 0 | AJ53: 0 | AK53: 0 | AL53: 0 | AM53: 4 | AN53: 0 | AO53: 0 | AP53: =SUM(AD53:AG53) -> 19.775 | AQ53: 2 | AR53: 2 | AS53: 2 | AT53: 2.725 | AU53: 2 | AV53: 0 | AW53: 0 | AX53: 4 | AY53: 0 | AZ53: 2 | BA53: 4 | BB53: 0 | BC53: =SUM(AQ53:AT53) -> 8.725 | BD53: 3.9 | BE53: 0 | BF53: 4 | BG53: 0 | BH53: 2 | BI53: 0 | BJ53: 8 | BK53: 0 | BL53: 4 | BM53: 0 | BN53: 0 | BO53: 4 | BP53: =SUM(BD53:BG53) -> 7.9 | BQ53: 0 | BR53: 0 | BS53: 0 | BT53: 0 | BU53: 1 | BV53: 0 | BW53: 0 | BX53: 0 | BY53: 0 | BZ53: 0 | CA53: 0 | CB53: 0 | CC53: =SUM(BQ53:BT53) -> 0 | CD53: 0 | CE53: 0 | CF53: 0 | CG53: 0 | CH53: 0 | CJ53: 0 | CK53: 0 | CL53: 0 | CM53: 0 | CN53: 0 | CO53: 0 | CP53: =SUM(CD53:CG53) -> 0 | CQ53: 0 | CR53: 0 | CS53: 0 | CT53: 0 | CU53: 0 | CV53: 0 | CW53: 0 | CX53: 0 | CY53: 0 | CZ53: 0 | DA53: 0 | DB53: 0 | DC53: =SUM(CQ53:CT53) -> 0 | DD53: 0 | DE53: 0 | DF53: 0 | DG53: 0 | DH53: 0 | DI53: 0 | DJ53: 0 | DK53: 0 | DL53: 0 | DM53: 0 | DN53: 0 | DO53: 0 | DP53: =SUM(DD53:DO53) -> 0
C54: LEON | Q54: 2 | R54: 0 | S54: 0 | T54: 0 | U54: 2.5 | V54: 5 | W54: 0 | X54: 30.275 | Y54: 6 | Z54: 0 | AA54: 12 | AB54: 0 | AC54: =SUM(Q54:T54) -> 2 | AD54: 10.9 | AE54: 0 | AF54: 10 | AG54: 0 | AH54: 8.5 | AI54: 8.5 | AJ54: 6.6 | AK54: 5 | AL54: 0 | AM54: 0 | AN54: 9 | AO54: 0 | AP54: =SUM(AD54:AG54) -> 20.9 | AQ54: 6 | AR54: 1.225 | AS54: 6 | AT54: 13.75 | AU54: 6 | AV54: 6 | AW54: 0 | AX54: 0 | AY54: 0 | AZ54: 4 | BA54: 0 | BB54: 4 | BC54: =SUM(AQ54:AT54) -> 26.975 | BD54: 4 | BE54: 2.5 | BF54: 2.5 | BG54: 5 | BH54: 5 | BI54: 0 | BJ54: 0 | BK54: 4.5 | BL54: 0 | BM54: 4 | BN54: 4 | BO54: 2 | BP54: =SUM(BD54:BG54) -> 14 | BQ54: 4 | BR54: 0 | BS54: 4 | BT54: 0 | BU54: 0 | BV54: 0 | BW54: 0 | BX54: 0 | BY54: 0 | BZ54: 0 | CA54: 0 | CB54: 0 | CC54: =SUM(BQ54:BT54) -> 8 | CD54: 0 | CE54: 0 | CF54: 16 | CG54: 11 | CH54: 4 | CI54: 10 | CJ54: 0 | CK54: 0 | CL54: 0 | CM54: 0 | CN54: 0 | CO54: 0 | CP54: =SUM(CD54:CG54) -> 27 | CQ54: 0 | CR54: 0 | CS54: 0 | CT54: 0 | CU54: 0 | CV54: 0 | CW54: 0 | CX54: 0 | CY54: 0 | CZ54: 0 | DA54: 0 | DB54: 0 | DC54: =SUM(CQ54:CT54) -> 0 | DD54: 0 | DE54: 0 | DF54: 0 | DG54: 0 | DH54: 0 | DI54: 0 | DJ54: 0 | DK54: 0 | DL54: 0 | DM54: 0 | DN54: 0 | DO54: 0 | DP54: =SUM(DD54:DO54) -> 0
C55: SALAMANCA | Q55: 0 | R55: 0 | S55: 0 | T55: 0 | U55: 0 | V55: 0 | W55: 0 | X55: 0 | Y55: 0 | Z55: 0 | AA55: 0 | AB55: 0 | AC55: =SUM(Q55:T55) -> 0 | AD55: 1 | AE55: 0 | AF55: 1.925 | AG55: 3.975 | AH55: 0 | AI55: 1.5 | AJ55: 0 | AK55: 1 | AL55: 0 | AM55: 0 | AN55: 0 | AO55: 2.7 | AP55: =SUM(AD55:AG55) -> 6.9 | AQ55: 0 | AR55: 3 | AS55: 0 | AT55: 1.5 | AU55: 3.5 | AV55: 0 | AW55: 0 | AX55: 2 | AY55: 2 | AZ55: 0 | BA55: 4 | BB55: 0 | BC55: =SUM(AQ55:AT55) -> 4.5 | BD55: 0 | BE55: 0 | BF55: 2 | BG55: 0 | BH55: 2 | BI55: 2 | BJ55: 0 | BK55: 0 | BL55: 4 | BM55: 0 | BN55: 2 | BO55: 0.5 | BP55: =SUM(BD55:BG55) -> 2 | BQ55: 3.25 | BR55: 2.5 | BS55: 0 | BT55: 0 | BU55: 0 | BV55: 0 | BW55: 0 | BX55: 0 | BY55: 0 | BZ55: 0 | CA55: 0 | CB55: 0 | CC55: =SUM(BQ55:BT55) -> 5.75 | CD55: 0 | CE55: 0 | CF55: 0 | CG55: 0 | CH55: 0 | CJ55: 0 | CK55: 0 | CL55: 0 | CM55: 0 | CN55: 0 | CO55: 0 | CP55: =SUM(CD55:CG55) -> 0 | CQ55: 0 | CR55: 0 | CS55: 0 | CT55: 0 | CU55: 0 | CV55: 0 | CW55: 0 | CX55: 0 | CY55: 0 | CZ55: 0 | DA55: 0 | DB55: 0 | DC55: =SUM(CQ55:CT55) -> 0 | DD55: 0 | DE55: 0 | DF55: 0 | DG55: 0 | DH55: 0 | DI55: 0 | DJ55: 0 | DK55: 0 | DL55: 0 | DM55: 0 | DN55: 0 | DO55: 0 | DP55: =SUM(DD55:DO55) -> 0
B56: GTO-QRO TOTAL | Q56: =SUM(Q50:Q55) -> 9.925 | R56: =SUM(R50:R55) -> 0 | S56: =SUM(S50:S55) -> 2 | T56: =SUM(T50:T55) -> 7.65 | U56: =SUM(U50:U55) -> 3.5 | V56: =SUM(V50:V55) -> 12.675 | W56: =SUM(W50:W55) -> 7.925 | X56: =SUM(X50:X55) -> 43.95 | ... DP56: =SUM(DP50:DP55) -> 0
B57: NUEVO LEON | C57: MTY | Q57: 0 | R57: 2 | S57: 2 | T57: 8 | U57: 9.475 | V57: 4 | W57: 6 | X57: 19 | Y57: 1.125 | Z57: 10 | AA57: 11.75 | AB57: 10 | AC57: =SUM(Q57:T57) -> 12 | AD57: 12 | AE57: 0 | AF57: 19 | AG57: 2 | AH57: 22 | AI57: 0 | AJ57: 19 | AK57: 2 | AL57: 6 | AM57: 0 | AN57: 14 | AO57: 22.25 | AP57: =SUM(AD57:AG57) -> 33 | AQ57: 24 | AR57: 6 | AS57: 26.5 | AT57: 37 | AU57: 9 | AV57: 10.75 | AW57: 16.5 | AX57: 22 | AY57: 6.5 | AZ57: 20 | BA57: 30 | BB57: 36 | BC57: =SUM(AQ57:AT57) -> 93.5 | BD57: 28 | BE57: 8 | BF57: 26 | BG57: 18 | BH57: 32 | BI57: 23 | BJ57: 56 | BK57: 31.975 | BL57: 32 | BM57: 28 | BN57: 20 | BO57: 54 | BP57: =SUM(BD57:BG57) -> 80 | BQ57: 30 | BR57: 20 | BS57: 40 | BT57: 63.925 | BU57: 0 | BV57: 224 | BW57: 416 | BX57: 266 | BY57: 224 | BZ57: 262 | CA57: 324 | CB57: 288 | CC57: =SUM(BQ57:BT57) -> 153.925 | CD57: 468 | CE57: 378 | CF57: =18+342 -> 360 | CG57: 450 | CH57: 628 | CI57: 414 | CJ57: 486 | CK57: 594 | CL57: 594 | CM57: 540 | CN57: 644 | CO57: 581.4 | CP57: =SUM(CD57:CG57) -> 1656 | CQ57: 738 | CR57: 518.4 | CS57: 401.4 | CT57: 482.4 | CU57: 311.4 | CV57: 379.8 | CW57: 714.6 | CX57: 700.2 | CY57: 523.8 | CZ57: 568.8 | DA57: 556.175 | DB57: 482.4 | DC57: =SUM(CQ57:CT57) -> 2140.2 | DD57: 673.2 | DE57: 93.6 | DF57: 577.8 | DG57: 507.6 | DP57: =SUM(DD57:DO57) -> 1852.2
B58: NUEVO LEON TOTAL | Q58: =SUM(Q57:Q57) -> 0 | R58: =SUM(R57:R57) -> 2 | S58: =SUM(S57:S57) -> 2 | T58: =SUM(T57:T57) -> 8 | U58: =SUM(U57:U57) -> 9.475 | V58: =SUM(V57:V57) -> 4 | W58: =SUM(W57:W57) -> 6 | X58: =SUM(X57:X57) -> 19 | ... DP58: =SUM(DP57:DP57) -> 1852.2
A59: NORESTE TOTAL | Q59: =Q36+Q42+Q49+Q56+Q58 -> 21.9 | R59: =R36+R42+R49+R56+R58 -> 30 | S59: =S36+S42+S49+S56+S58 -> 21.15 | T59: =T36+T42+T49+T56+T58 -> 18.9 | U59: =U36+U42+U49+U56+U58 -> 35.775 | V59: =V36+V42+V49+V56+V58 -> 33.175 | W59: =W36+W42+W49+W56+W58 -> 42.35 | X59: =X36+X42+X49+X56+X58 -> 79.95 | ... DP59: =DP36+DP42+DP49+DP56+DP58 -> 1852.2
A60: CENTRO-SUR | B60: ESTADO DE MEXICO | C60: METEPEC & TOLUCA | Q60: 0 | R60: 0 | S60: 5.925 | T60: 4 | U60: 2.975 | V60: 2 | W60: 0 | X60: 2 | Y60: 1 | Z60: 0 | AA60: 2 | AB60: 3 | AC60: =SUM(Q60:T60) -> 9.925 | AD60: 4.975 | AE60: 0 | AF60: 6 | AG60: 0 | AH60: 6 | AI60: 0 | AJ60: 8 | AK60: 10 | AL60: 2 | AM60: 2 | AN60: 0 | AO60: 3.975 | AP60: =SUM(AD60:AG60) -> 10.975 | AQ60: 6 | AR60: 0 | AS60: 6.825 | AT60: 0 | AU60: 0 | AV60: 4 | AW60: 4 | AX60: 4 | AY60: 8 | AZ60: 2 | BA60: 4 | BB60: 6 | BC60: =SUM(AQ60:AT60) -> 12.825 | BD60: 3.85 | BE60: 0 | BF60: 4 | BG60: 4 | BH60: 6 | BI60: 2 | BJ60: 0 | BK60: 10 | BL60: 4 | BM60: 10 | BN60: 0 | BO60: 2 | BP60: =SUM(BD60:BG60) -> 11.85 | BQ60: 6 | BR60: 2 | BS60: 4 | BT60: 4 | BU60: 0 | BV60: 0 | BW60: 0 | BX60: 0 | BY60: 0 | BZ60: 0 | CA60: 0 | CB60: 0 | CC60: =SUM(BQ60:BT60) -> 16 | CD60: 0 | CE60: 0 | CF60: 0 | CG60: 0 | CH60: 0 | CI60: 0 | CJ60: 0 | CK60: 0 | CL60: 0 | CM60: 0 | CN60: 0 | CO60: 0 | CP60: =SUM(CD60:CG60) -> 0 | CQ60: 0 | CR60: 0 | CS60: 0 | CT60: 0 | CU60: 0 | CV60: 0 | CW60: 0 | DC60: =SUM(CQ60:CT60) -> 0 | DD60: 0 | DE60: 0 | DF60: 0 | DG60: 0 | DH60: 0 | DI60: 0 | DJ60: 0 | DP60: =SUM(DD60:DO60) -> 0
B61: ESTADO DE MEXICO TOTAL | Q61: =SUM(Q60) -> 0 | R61: =SUM(R60) -> 0 | S61: =SUM(S60) -> 5.925 | T61: =SUM(T60) -> 4 | U61: =SUM(U60) -> 2.975 | V61: =SUM(V60) -> 2 | W61: =SUM(W60) -> 0 | X61: =SUM(X60) -> 2 | ... BV61: =SUM(BV60) -> 0 | BW61: 0 | BX61: =SUM(BX60) -> 0 | BY61: =SUM(BY60) -> 0 | BZ61: =SUM(BZ60) -> 0 | CA61: =SUM(CA60) -> 0 | CB61: =SUM(CB60) -> 0 | CC61: =SUM(CC60) -> 16 | CD61: =SUM(CD60) -> 0 | CE61: =SUM(CE60) -> 0 | ... CI61: =SUM(CI60) -> 0 | CJ61: 0 | CK61: =SUM(CK60) -> 0 | CL61: =SUM(CL60) -> 0 | CM61: =SUM(CM60) -> 0 | CN61: =SUM(CN60) -> 0 | CO61: =SUM(CO60) -> 0 | CP61: =SUM(CP60) -> 0 | CQ61: =SUM(CQ60) -> 0 | CR61: =SUM(CR60) -> 0 | ... CV61: =SUM(CV60) -> 0 | CW61: 0 | CX61: =SUM(CX60) -> 0 | CY61: =SUM(CY60) -> 0 | CZ61: =SUM(CZ60) -> 0 | DA61: =SUM(DA60) -> 0 | DB61: =SUM(DB60) -> 0 | DC61: =SUM(DC60) -> 0 | DD61: =SUM(DD60) -> 0 | DE61: =SUM(DE60) -> 0 | ... DI61: =SUM(DI60) -> 0 | DJ61: 0 | DK61: =SUM(DK60) -> 0 | DL61: =SUM(DL60) -> 0 | DM61: =SUM(DM60) -> 0 | DN61: =SUM(DN60) -> 0 | DO61: =SUM(DO60) -> 0 | DP61: =SUM(DP60) -> 0
B62: METRO-HIDALGO | C62: DF | Q62: 51.65 | R62: 4 | S62: 25.725 | T62: 100.525 | U62: 74.65 | V62: 77.575 | W62: 61.875 | X62: 44.175 | Y62: 9 | Z62: 20.95 | AA62: 37.6 | AB62: 51.4 | AC62: =SUM(Q62:T62) -> 181.9 | AD62: 39.475 | AE62: 38.125 | AF62: 40 | AG62: 24.25 | AH62: 33.875 | AI62: 30 | AJ62: 26 | AK62: 20.5 | AL62: 23.5 | AM62: 30 | AN62: 34 | AO62: 29.575 | AP62: =SUM(AD62:AG62) -> 141.85 | AQ62: 23.875 | AR62: 20 | AS62: 18 | AT62: 18 | AU62: 13.875 | AV62: 13.875 | AW62: 29.5 | AX62: 27.8 | AY62: 27.775 | AZ62: 51.75 | BA62: 39.5 | BB62: 36.3 | BC62: =SUM(AQ62:AT62) -> 79.875 | BD62: 27.5 | BE62: 34.775 | BF62: 42.725 | BG62: 26.075 | BH62: 31.5 | BI62: 24.75 | BJ62: 18.925 | BK62: 74 | BL62: 16 | BM62: 27.5 | BN62: 27.425 | BO62: 36.5 | BP62: =SUM(BD62:BG62) -> 131.075 | BQ62: 56.8 | BR62: 16.75 | BS62: 17.5 | BT62: 23.3 | BU62: 17.475 | BV62: 0 | BW62: 0 | BX62: 0 | BY62: 0 | BZ62: 0 | CA62: 0 | CB62: 0 | CC62: =SUM(BQ62:BT62) -> 114.35 | CD62: 0 | CE62: 0 | CF62: 0 | CG62: 0 | CH62: 0 | CI62: 0 | CJ62: 0 | CK62: 0 | CL62: 0 | CM62: 0 | CN62: 0 | CO62: 0 | CP62: =SUM(CD62:CG62) -> 0 | CQ62: 0 | CR62: 0 | CS62: 0 | CT62: 0 | CU62: 0 | CV62: 0 | CW62: 0 | CX62: 0 | CY62: 0 | CZ62: 0 | DA62: 0 | DB62: 0 | DC62: =SUM(CQ62:CT62) -> 0 | DD62: 0 | DE62: 0 | DF62: 0 | DG62: 0 | DH62: 0 | DI62: 0 | DJ62: 0 | DK62: 0 | DL62: 0 | DM62: 0 | DN62: 0 | DO62: 0 | DP62: =SUM(DD62:DO62) -> 0
C63: PACHUCA | Q63: 0 | R63: 0 | S63: 2 | T63: 0 | U63: 0 | V63: 8 | W63: 0 | X63: 0 | Y63: 2 | Z63: 0 | AA63: 0 | AB63: 0 | AC63: =SUM(Q63:T63) -> 2 | AD63: 0 | AE63: 0 | AF63: 4 | AG63: 0 | AH63: 8 | AI63: 0 | AJ63: 0 | AK63: 0 | AL63: 0 | AM63: 2 | AN63: 0 | AO63: 0 | AP63: =SUM(AD63:AG63) -> 4 | AQ63: 0 | AR63: 4 | AS63: -0.05 | AT63: 2 | AU63: 0 | AV63: 2 | AW63: 0 | AX63: 4 | AY63: 0 | AZ63: 4 | BA63: 8 | BB63: 0 | BC63: =SUM(AQ63:AT63) -> 5.95 | BD63: 0 | BE63: 4 | BF63: 0 | BG63: 0.425 | BH63: 4 | BI63: 0 | BJ63: 0 | BK63: 2 | BL63: 4 | BM63: 4 | BN63: 0 | BO63: 2 | BP63: =SUM(BD63:BG63) -> 4.425 | BQ63: 2 | BR63: 0 | BS63: 2 | BT63: 2 | BU63: 2 | BV63: 0 | BW63: 0 | BX63: 0 | BY63: 0 | BZ63: 0 | CA63: 0 | CB63: 0 | CC63: =SUM(BQ63:BT63) -> 6 | CD63: 0 | CE63: 0 | CF63: 0 | CG63: 0 | CH63: 0 | CI63: 0 | CJ63: 0 | CK63: 0 | CL63: 0 | CM63: 0 | CN63: 0 | CO63: 0 | CP63: =SUM(CD63:CG63) -> 0 | CQ63: 0 | CR63: 0 | CS63: 0 | CT63: 0 | CU63: 0 | CV63: 0 | CW63: 0 | CX63: 0 | CY63: 0 | CZ63: 0 | DA63: 0 | DB63: 0 | DC63: =SUM(CQ63:CT63) -> 0 | DD63: 0 | DE63: 0 | DF63: 0 | DG63: 0 | DH63: 0 | DI63: 0 | DJ63: 0 | DK63: 0 | DL63: 0 | DM63: 0 | DN63: 0 | DO63: 0 | DP63: =SUM(DD63:DO63) -> 0
B64: METRO-HIDALGO TOTAL | Q64: =SUM(Q62:Q63) -> 51.65 | R64: =SUM(R62:R63) -> 4 | S64: =SUM(S62:S63) -> 27.725 | T64: =SUM(T62:T63) -> 100.525 | U64: =SUM(U62:U63) -> 74.65 | V64: =SUM(V62:V63) -> 85.575 | W64: =SUM(W62:W63) -> 61.875 | X64: =SUM(X62:X63) -> 44.175 | ... DP64: =SUM(DP62:DP63) -> 0
B65: PENINSULA | C65: CAMPECHE | Q65: 0 | R65: 0 | S65: 0 | T65: 0 | U65: 0 | V65: 0 | W65: 0 | X65: 0 | Y65: 0 | Z65: 0 | AA65: 0 | AB65: 0 | AC65: =SUM(Q65:T65) -> 0 | AD65: 0 | AE65: 0 | AF65: 0 | AG65: 0 | AH65: 0 | AI65: 0 | AJ65: 0 | AK65: 0 | AL65: 0 | AM65: 0 | AN65: 0 | AO65: 0 | AP65: =SUM(AD65:AG65) -> 0 | AQ65: 0 | AR65: 0 | AS65: 0 | AT65: 0 | AU65: 0 | AV65: 0 | AW65: 0 | AX65: 0 | AY65: 0 | AZ65: 0 | BA65: 0 | BB65: 0 | BC65: =SUM(AQ65:AT65) -> 0 | BD65: 0 | BE65: 0 | BF65: 0 | BG65: 0 | BH65: 0 | BI65: 0 | BJ65: 0 | BK65: 0 | BL65: 0 | BM65: 0 | BN65: 0 | BO65: 0 | BP65: =SUM(BD65:BG65) -> 0 | BQ65: 0 | BR65: 0 | BS65: 0 | BT65: 0 | BU65: 0 | BV65: 0 | BW65: 0 | BX65: 0 | BY65: 0 | BZ65: 0 | CA65: 0 | CB65: 0 | CC65: =SUM(BQ65:BT65) -> 0 | CD65: 0 | CE65: 0 | CF65: 0 | CG65: 0 | CH65: 0 | CI65: 0 | CJ65: 0 | CK65: 0 | CL65: 0 | CM65: 0 | CN65: 0 | CO65: 0 | CP65: =SUM(CD65:CG65) -> 0 | CQ65: 0 | CR65: 0 | CS65: 0 | CT65: 0 | CU65: 0 | CV65: 0 | CW65: 0 | CX65: 0 | CY65: 0 | CZ65: 0 | DA65: 0 | DB65: 0 | DC65: =SUM(CQ65:CT65) -> 0 | DD65: 0 | DE65: 0 | DF65: 0 | DG65: 0 | DH65: 0 | DI65: 0 | DJ65: 0 | DK65: 0 | DL65: 0 | DM65: 0 | DN65: 0 | DO65: 0 | DP65: =SUM(DD65:DO65) -> 0
C66: CANCUN | Q66: 0 | R66: 0 | S66: 0 | T66: 2 | U66: 0 | V66: 0 | W66: 0 | X66: 0 | Y66: 0 | Z66: 0 | AA66: 0 | AB66: 0 | AC66: =SUM(Q66:T66) -> 2 | AD66: 0 | AE66: 0 | AF66: 0 | AG66: 0 | AH66: 0 | AI66: 0 | AJ66: 0 | AK66: 0 | AL66: 0 | AM66: 0 | AN66: 0 | AO66: 0 | AP66: =SUM(AD66:AG66) -> 0 | AQ66: 0 | AR66: 0 | AS66: 0 | AT66: 0 | AU66: 0 | AV66: 0 | AW66: 0 | AX66: 0 | AY66: 0 | AZ66: 0 | BA66: 0 | BB66: 0 | BC66: =SUM(AQ66:AT66) -> 0 | BD66: 0 | BE66: 0 | BF66: 0 | BG66: 0 | BH66: 0 | BI66: 0 | BJ66: 0 | BK66: 0 | BL66: 0 | BM66: 0 | BN66: 0 | BO66: 0 | BP66: =SUM(BD66:BG66) -> 0 | BQ66: 0 | BR66: 0 | BS66: 0 | BT66: 0 | BU66: 0 | BV66: 0 | BW66: 0 | BX66: 0 | BY66: 0 | BZ66: 0 | CA66: 0 | CB66: 0 | CC66: =SUM(BQ66:BT66) -> 0 | CD66: 0 | CE66: 0 | CF66: 0 | CG66: 0 | CH66: 0 | CI66: 0 | CJ66: 0 | CK66: 0 | CL66: 0 | CM66: 0 | CN66: 0 | CO66: 0 | CP66: =SUM(CD66:CG66) -> 0 | CQ66: 0 | CR66: 0 | CS66: 0 | CT66: 0 | CU66: 0 | CV66: 0 | CW66: 0 | CX66: 0 | CY66: 0 | CZ66: 0 | DA66: 0 | DB66: 0 | DC66: =SUM(CQ66:CT66) -> 0 | DD66: 0 | DE66: 0 | DF66: 0 | DG66: 0 | DH66: 0 | DI66: 0 | DJ66: 0 | DK66: 0 | DL66: 0 | DM66: 0 | DN66: 0 | DO66: 0 | DP66: =SUM(DD66:DO66) -> 0
C67: CHETUMAL | Q67: 0 | R67: 0 | S67: 0 | T67: 0 | U67: 0 | V67: 0 | W67: 0 | X67: 0 | Y67: 0 | Z67: 0 | AA67: 0 | AB67: 0 | AC67: =SUM(Q67:T67) -> 0 | AD67: 0 | AE67: 0 | AF67: 0 | AG67: 0 | AH67: 0 | AI67: 0 | AJ67: 0 | AK67: 0 | AL67: 0 | AM67: 0 | AN67: 0 | AO67: 0 | AP67: =SUM(AD67:AG67) -> 0 | AQ67: 0 | AR67: 0 | AS67: 0 | AT67: 0 | AU67: 0 | AV67: 0 | AW67: 0 | AX67: 0 | AY67: 0 | AZ67: 0 | BA67: 0 | BB67: 0 | BC67: =SUM(AQ67:AT67) -> 0 | BD67: 0 | BE67: 0 | BF67: 0 | BG67: 0 | BH67: 0 | BI67: 0 | BJ67: 0 | BK67: 0 | BL67: 0 | BM67: 0 | BN67: 0 | BO67: 0 | BP67: =SUM(BD67:BG67) -> 0 | BQ67: 0 | BR67: 0 | BS67: 0 | BT67: 0 | BU67: 0 | BV67: 0 | BW67: 0 | BX67: 0 | BY67: 0 | BZ67: 0 | CA67: 0 | CB67: 0 | CC67: =SUM(BQ67:BT67) -> 0 | CD67: 0 | CE67: 0 | CF67: 0 | CG67: 0 | CH67: 0 | CI67: 0 | CJ67: 0 | CK67: 0 | CL67: 0 | CM67: 0 | CN67: 0 | CO67: 0 | CP67: =SUM(CD67:CG67) -> 0 | CQ67: 0 | CR67: 0 | CS67: 0 | CT67: 0 | CU67: 0 | CV67: 0 | CW67: 0 | CX67: 0 | CY67: 0 | CZ67: 0 | DA67: 0 | DB67: 0 | DC67: =SUM(CQ67:CT67) -> 0 | DD67: 0 | DE67: 0 | DF67: 0 | DG67: 0 | DH67: 0 | DI67: 0 | DJ67: 0 | DK67: 0 | DL67: 0 | DM67: 0 | DN67: 0 | DO67: 0 | DP67: =SUM(DD67:DO67) -> 0
C68: MERIDA | Q68: 0 | R68: 0 | S68: 0 | T68: 4.85 | U68: 0 | V68: 0 | W68: 0 | X68: 0 | Y68: 0 | Z68: 0 | AA68: 0 | AB68: 0 | AC68: =SUM(Q68:T68) -> 4.85 | AD68: 0 | AE68: 0 | AF68: 0 | AG68: 0 | AH68: 0 | AI68: 0 | AJ68: 0 | AK68: 0 | AL68: 0 | AM68: 0 | AN68: 0 | AO68: 0 | AP68: =SUM(AD68:AG68) -> 0 | AQ68: 0 | AR68: 0 | AS68: 0 | AT68: 0 | AU68: 0 | AV68: 0 | AW68: 0 | AX68: 0 | AY68: 0 | AZ68: 0 | BA68: 0 | BB68: 0 | BC68: =SUM(AQ68:AT68) -> 0 | BD68: 0 | BE68: 0 | BF68: 0 | BG68: 0 | BH68: 0 | BI68: 0 | BJ68: 0 | BK68: 0 | BL68: 0 | BM68: 0 | BN68: 0 | BO68: 0 | BP68: =SUM(BD68:BG68) -> 0 | BQ68: 0 | BR68: 0 | BS68: 0 | BT68: 0 | BU68: 0 | BV68: 0 | BW68: 0 | BX68: 0 | BY68: 0 | BZ68: 0 | CA68: 0 | CB68: 0 | CC68: =SUM(BQ68:BT68) -> 0 | CD68: 0 | CE68: 0 | CF68: 0 | CG68: 0 | CH68: 0 | CI68: 0 | CJ68: 0 | CK68: 0 | CL68: 0 | CM68: 0 | CN68: 0 | CO68: 0 | CP68: =SUM(CD68:CG68) -> 0 | CQ68: 0 | CR68: 0 | CS68: 0 | CT68: 0 | CU68: 0 | CV68: 0 | CW68: 0 | CX68: 0 | CY68: 0 | CZ68: 0 | DA68: 0 | DB68: 0 | DC68: =SUM(CQ68:CT68) -> 0 | DD68: 0 | DE68: 0 | DF68: 0 | DG68: 0 | DH68: 0 | DI68: 0 | DJ68: 0 | DK68: 0 | DL68: 0 | DM68: 0 | DN68: 0 | DO68: 0 | DP68: =SUM(DD68:DO68) -> 0
C69: PLAYA DEL CARMEN | Q69: 0 | R69: 0 | S69: 0 | T69: 0 | U69: 0 | V69: 0 | W69: 0 | X69: 0 | Y69: 0 | Z69: 0 | AA69: 0 | AB69: 0 | AC69: =SUM(Q69:T69) -> 0 | AD69: 0 | AE69: 0 | AF69: 0 | AG69: 0 | AH69: 0 | AI69: 0 | AJ69: 0 | AK69: 0 | AL69: 0 | AM69: 0 | AN69: 0 | AO69: 0 | AP69: =SUM(AD69:AG69) -> 0 | AQ69: 0 | AR69: 0 | AS69: 0 | AT69: 0 | AU69: 0 | AV69: 0 | AW69: 0 | AX69: 0 | AY69: 0 | AZ69: 0 | BA69: 0 | BB69: 0 | BC69: =SUM(AQ69:AT69) -> 0 | BD69: 0 | BE69: 0 | BF69: 0 | BG69: 0 | BH69: 0 | BI69: 0 | BJ69: 0 | BK69: 0 | BL69: 0 | BM69: 0 | BN69: 0 | BO69: 0 | BP69: =SUM(BD69:BG69) -> 0 | BQ69: 0 | BR69: 0 | BS69: 0 | BT69: 0 | BU69: 0 | BV69: 0 | BW69: 0 | BX69: 0 | BY69: 0 | BZ69: 0 | CA69: 0 | CB69: 0 | CC69: =SUM(BQ69:BT69) -> 0 | CD69: 0 | CE69: 0 | CF69: 0 | CG69: 0 | CH69: 0 | CI69: 0 | CJ69: 0 | CK69: 0 | CL69: 0 | CM69: 0 | CN69: 0 | CO69: 0 | CP69: =SUM(CD69:CG69) -> 0 | CQ69: 0 | CR69: 0 | CS69: 0 | CT69: 0 | CU69: 0 | CV69: 0 | CW69: 0 | CX69: 0 | CY69: 0 | CZ69: 0 | DA69: 0 | DB69: 0 | DC69: =SUM(CQ69:CT69) -> 0 | DD69: 0 | DE69: 0 | DF69: 0 | DG69: 0 | DH69: 0 | DI69: 0 | DJ69: 0 | DK69: 0 | DL69: 0 | DM69: 0 | DN69: 0 | DO69: 0 | DP69: =SUM(DD69:DO69) -> 0
C70: CD DEL CARMEN | Q70: 8 | R70: 0 | S70: 0 | T70: 0 | U70: 0 | V70: 0 | W70: 0 | X70: 0 | Y70: 0 | Z70: 0 | AA70: 0 | AB70: 0 | AC70: =SUM(Q70:T70) -> 8 | AD70: 0 | AE70: 0 | AF70: 0 | AG70: 0 | AH70: 0 | AI70: 0 | AJ70: 0 | AK70: 0 | AL70: 0 | AM70: 0 | AN70: 0 | AO70: 0 | AP70: =SUM(AD70:AG70) -> 0 | AQ70: 0 | AR70: 0 | AS70: 0 | AT70: 0 | AU70: 0 | AV70: 0 | AW70: 0 | AX70: 0 | AY70: 0 | AZ70: 0 | BA70: 0 | BB70: 0 | BC70: =SUM(AQ70:AT70) -> 0 | BD70: 0 | BE70: 0 | BF70: 0 | BG70: 0 | BH70: 0 | BI70: 0 | BJ70: 0 | BK70: 0 | BL70: 0 | BM70: 0 | BN70: 0 | BO70: 0 | BP70: =SUM(BD70:BG70) -> 0 | BQ70: 0 | BR70: 0 | BS70: 0 | BT70: 0 | BU70: 0 | BV70: 0 | BW70: 0 | BX70: 0 | BY70: 0 | BZ70: 0 | CA70: 0 | CB70: 0 | CC70: =SUM(BQ70:BT70) -> 0 | CD70: 0 | CE70: 0 | CF70: 0 | CG70: 0 | CH70: 0 | CI70: 0 | CJ70: 0 | CK70: 0 | CL70: 0 | CM70: 0 | CN70: 0 | CO70: 0 | CP70: =SUM(CD70:CG70) -> 0 | CQ70: 0 | CR70: 0 | CS70: 0 | CT70: 0 | CU70: 0 | CV70: 0 | CW70: 0 | CX70: 0 | CY70: 0 | CZ70: 0 | DA70: 0 | DB70: 0 | DC70: =SUM(CQ70:CT70) -> 0 | DD70: 0 | DE70: 0 | DF70: 0 | DG70: 0 | DH70: 0 | DI70: 0 | DJ70: 0 | DK70: 0 | DL70: 0 | DM70: 0 | DN70: 0 | DO70: 0 | DP70: =SUM(DD70:DO70) -> 0
B71: PENINSULA TOTAL | Q71: =SUM(Q65:Q70) -> 8 | R71: =SUM(R65:R70) -> 0 | S71: =SUM(S65:S70) -> 0 | T71: =SUM(T65:T70) -> 6.85 | U71: =SUM(U65:U70) -> 0 | V71: =SUM(V65:V70) -> 0 | W71: =SUM(W65:W70) -> 0 | X71: =SUM(X65:X70) -> 0 | ... BV71: =SUM(BV65:BV70) -> 0 | BW71: 0 | BX71: =SUM(BX65:BX70) -> 0 | BY71: =SUM(BY65:BY70) -> 0 | BZ71: =SUM(BZ65:BZ70) -> 0 | CA71: =SUM(CA65:CA70) -> 0 | CB71: =SUM(CB65:CB70) -> 0 | CC71: =SUM(CC65:CC70) -> 0 | CD71: =SUM(CD65:CD70) -> 0 | CE71: =SUM(CE65:CE70) -> 0 | ... CI71: =SUM(CI65:CI70) -> 0 | CJ71: 0 | CK71: =SUM(CK65:CK70) -> 0 | CL71: =SUM(CL65:CL70) -> 0 | CM71: =SUM(CM65:CM70) -> 0 | CN71: =SUM(CN65:CN70) -> 0 | CO71: =SUM(CO65:CO70) -> 0 | CP71: =SUM(CP65:CP70) -> 0 | CQ71: =SUM(CQ65:CQ70) -> 0 | CR71: =SUM(CR65:CR70) -> 0 | ... CV71: =SUM(CV65:CV70) -> 0 | CW71: 0 | CX71: =SUM(CX65:CX70) -> 0 | CY71: =SUM(CY65:CY70) -> 0 | CZ71: =SUM(CZ65:CZ70) -> 0 | DA71: =SUM(DA65:DA70) -> 0 | DB71: =SUM(DB65:DB70) -> 0 | DC71: =SUM(DC65:DC70) -> 0 | DD71: =SUM(DD65:DD70) -> 0 | DE71: =SUM(DE65:DE70) -> 0 | ... DI71: =SUM(DI65:DI70) -> 0 | DJ71: 0 | DK71: =SUM(DK65:DK70) -> 0 | DL71: =SUM(DL65:DL70) -> 0 | DM71: =SUM(DM65:DM70) -> 0 | DN71: =SUM(DN65:DN70) -> 0 | DO71: =SUM(DO65:DO70) -> 0 | DP71: =SUM(DP65:DP70) -> 0
B72: PUE-TLAX-MOR | C72: PUEBLA | Q72: 0 | R72: 0 | S72: 2 | T72: 0 | U72: 9.8 | V72: 0 | W72: 0 | X72: 8 | Y72: 3.425 | Z72: 0 | AA72: 4 | AB72: 2 | AC72: =SUM(Q72:T72) -> 2 | AD72: 6 | AE72: 0 | AF72: 0 | AG72: 16 | AH72: 8 | AI72: 2 | AJ72: 10 | AK72: 0 | AL72: 4 | AM72: 5.4 | AN72: 0 | AO72: 8 | AP72: =SUM(AD72:AG72) -> 22 | AQ72: 2 | AR72: 9.25 | AS72: 0 | AT72: 2 | AU72: 0 | AV72: 5.525 | AW72: 4 | AX72: 0 | AY72: 10 | AZ72: 0 | BA72: 7 | BB72: 8 | BC72: =SUM(AQ72:AT72) -> 13.25 | BD72: 6 | BE72: 8 | BF72: 11.15 | BG72: 2 | BH72: 2 | BI72: 6.2 | BJ72: 2 | BK72: 1.85 | BL72: 0 | BM72: 15.425 | BN72: 2 | BO72: 0 | BP72: =SUM(BD72:BG72) -> 27.15 | BQ72: 22 | BR72: 0 | BS72: 0 | BT72: 7.875 | BU72: 15.075 | BV72: 0 | BW72: 0 | BX72: 0 | BY72: 0 | BZ72: 0 | CA72: 0 | CB72: 0 | CC72: =SUM(BQ72:BT72) -> 29.875 | CD72: 0 | CE72: 0 | CF72: 0 | CG72: 0 | CH72: 0 | CI72: 0 | CJ72: 0 | CK72: 0 | CL72: 0 | CM72: 0 | CN72: 0 | CO72: 0 | CP72: =SUM(CD72:CG72) -> 0 | CQ72: 0 | CR72: 0 | CS72: 0 | CT72: 0 | CU72: 0 | CV72: 0 | CW72: 0 | CX72: 0 | CY72: 0 | CZ72: 0 | DA72: 0 | DB72: 0 | DC72: =SUM(CQ72:CT72) -> 0 | DD72: 0 | DE72: 0 | DF72: 0 | DG72: 0 | DH72: 0 | DI72: 0 | DJ72: 0 | DK72: 0 | DL72: 0 | DM72: 0 | DN72: 0 | DO72: 0 | DP72: =SUM(DD72:DO72) -> 0
C73: TLAXCALA | Q73: 0 | R73: 0 | S73: 0 | T73: 0 | U73: 0 | V73: 0 | W73: 0 | X73: 4 | Y73: 0 | Z73: 0 | AA73: 0 | AB73: 0 | AC73: =SUM(Q73:T73) -> 0 | AD73: 0 | AE73: 0 | AF73: 4 | AG73: 2 | AH73: 0 | AI73: 0 | AJ73: 0 | AK73: 0 | AL73: 0 | AM73: 0 | AN73: 0 | AO73: 2 | AP73: =SUM(AD73:AG73) -> 6 | AQ73: 2 | AR73: 0 | AS73: 2 | AT73: 2 | AU73: 0 | AV73: 1.925 | AW73: 0 | AX73: 0 | AY73: 0 | AZ73: 2.5 | BA73: 0 | BB73: 0 | BC73: =SUM(AQ73:AT73) -> 6 | BD73: 2 | BE73: 4 | BF73: 0 | BG73: 0 | BH73: 0 | BI73: 4 | BJ73: 0 | BK73: 0 | BL73: 0 | BM73: 2 | BN73: 0 | BO73: 0 | BP73: =SUM(BD73:BG73) -> 6 | BQ73: 0 | BR73: 2 | BS73: 0 | BT73: 0 | BU73: 0 | BV73: 0 | BW73: 0 | BX73: 0 | BY73: 0 | BZ73: 0 | CA73: 0 | CB73: 0 | CC73: =SUM(BQ73:BT73) -> 2 | CD73: 0 | CE73: 0 | CF73: 0 | CG73: 0 | CH73: 0 | CI73: 0 | CJ73: 0 | CK73: 0 | CL73: 0 | CM73: 0 | CN73: 0 | CO73: 0 | CP73: =SUM(CD73:CG73) -> 0 | CQ73: 0 | CR73: 0 | CS73: 0 | CT73: 0 | CU73: 0 | CV73: 0 | CW73: 0 | CX73: 0 | CY73: 0 | CZ73: 0 | DA73: 0 | DB73: 0 | DC73: =SUM(CQ73:CT73) -> 0 | DD73: 0 | DE73: 0 | DF73: 0 | DG73: 0 | DH73: 0 | DI73: 0 | DJ73: 0 | DK73: 0 | DL73: 0 | DM73: 0 | DN73: 0 | DO73: 0 | DP73: =SUM(DD73:DO73) -> 0
C74: TEHUACAN | Q74: 0 | R74: 0 | S74: 0 | T74: 0 | U74: 0 | V74: 0 | W74: 0 | X74: 0 | Y74: 0 | Z74: 0 | AA74: 0 | AB74: 0 | AC74: =SUM(Q74:T74) -> 0 | AD74: 1.2 | AE74: 0 | AF74: 0 | AG74: 0 | AH74: 0 | AI74: 1 | AJ74: 0 | AK74: 0 | AL74: 0 | AM74: 0 | AN74: 0 | AO74: 0 | AP74: =SUM(AD74:AG74) -> 1.2 | AQ74: 0 | AR74: 0 | AS74: 0 | AT74: 0 | AU74: 0 | AV74: 0 | AW74: 0 | AX74: 0 | AY74: 0 | AZ74: 0 | BA74: 0 | BB74: 0 | BC74: =SUM(AQ74:AT74) -> 0 | BD74: 0 | BE74: 0 | BF74: 0 | BG74: 0 | BH74: 0 | BI74: 0 | BJ74: 0 | BK74: 0 | BL74: 0 | BM74: 4 | BN74: 0 | BO74: 0 | BP74: =SUM(BD74:BG74) -> 0 | BQ74: 0 | BR74: 0 | BS74: 0 | BT74: 2 | BU74: 0 | BV74: 0 | BW74: 0 | BX74: 0 | BY74: 0 | BZ74: 0 | CA74: 0 | CB74: 0 | CC74: =SUM(BQ74:BT74) -> 2 | CD74: 0 | CE74: 0 | CF74: 0 | CG74: 0 | CH74: 0 | CI74: 0 | CJ74: 0 | CK74: 0 | CL74: 0 | CM74: 0 | CN74: 0 | CO74: 0 | CP74: =SUM(CD74:CG74) -> 0 | CQ74: 0 | CR74: 0 | CS74: 0 | CT74: 0 | CU74: 0 | CV74: 0 | CW74: 0 | CX74: 0 | CY74: 0 | CZ74: 0 | DA74: 0 | DB74: 0 | DC74: =SUM(CQ74:CT74) -> 0 | DD74: 0 | DE74: 0 | DF74: 0 | DG74: 0 | DH74: 0 | DI74: 0 | DJ74: 0 | DK74: 0 | DL74: 0 | DM74: 0 | DN74: 0 | DO74: 0 | DP74: =SUM(DD74:DO74) -> 0
C75: CUAUTLA | Q75: 0 | R75: 0 | S75: 3.825 | T75: 0 | U75: 0 | V75: 0 | W75: 0 | X75: 0 | Y75: 0 | Z75: 0 | AA75: 2 | AB75: 2 | AC75: =SUM(Q75:T75) -> 3.825 | AD75: 0 | AE75: 0 | AF75: 0 | AG75: 0 | AH75: 0 | AI75: 4 | AJ75: 0 | AK75: 0 | AL75: 0 | AM75: 0 | AN75: 2 | AO75: 0 | AP75: =SUM(AD75:AG75) -> 0 | AQ75: 0 | AR75: 0 | AS75: 1.85 | AT75: 0 | AU75: 0 | AV75: 2 | AW75: 0 | AX75: 0 | AY75: 0 | AZ75: 0 | BA75: 3.8 | BB75: 0.05 | BC75: =SUM(AQ75:AT75) -> 1.85 | BD75: 0 | BE75: 0 | BF75: 0 | BG75: 0 | BH75: 0 | BI75: 3.8 | BJ75: 0 | BK75: 0 | BL75: 0 | BM75: 2 | BN75: 0 | BO75: 0 | BP75: =SUM(BD75:BG75) -> 0 | BQ75: 4 | BR75: 0 | BS75: 0 | BT75: 0 | BU75: 0 | BV75: 0 | BW75: 0 | BX75: 0 | BY75: 0 | BZ75: 0 | CA75: 0 | CB75: 0 | CC75: =SUM(BQ75:BT75) -> 4 | CD75: 0 | CE75: 0 | CF75: 0 | CG75: 0 | CH75: 0 | CI75: 0 | CJ75: 0 | CK75: 0 | CL75: 0 | CM75: 0 | CN75: 0 | CO75: 0 | CP75: =SUM(CD75:CG75) -> 0 | CQ75: 0 | CR75: 0 | CS75: 0 | CT75: 0 | CU75: 0 | CV75: 0 | CW75: 0 | CX75: 0 | CY75: 0 | CZ75: 0 | DA75: 0 | DB75: 0 | DC75: =SUM(CQ75:CT75) -> 0 | DD75: 0 | DE75: 0 | DF75: 0 | DG75: 0 | DH75: 0 | DI75: 0 | DJ75: 0 | DK75: 0 | DL75: 0 | DM75: 0 | DN75: 0 | DO75: 0 | DP75: =SUM(DD75:DO75) -> 0
C76: CUERNAVACA | Q76: 3.975 | R76: 0 | S76: 1.85 | T76: 7.925 | U76: 0 | V76: 3.475 | W76: 0 | X76: 3 | Y76: 3.55 | Z76: 0 | AA76: 3.2 | AB76: 0 | AC76: =SUM(Q76:T76) -> 13.75 | AD76: 4 | AE76: 0 | AF76: 0 | AG76: 0 | AH76: 10 | AI76: 0 | AJ76: 0 | AK76: 1.925 | AL76: 4 | AM76: 0 | AN76: 0 | AO76: 4 | AP76: =SUM(AD76:AG76) -> 4 | AQ76: 0 | AR76: 1.95 | AS76: 2 | AT76: 0 | AU76: 0 | AV76: 2 | AW76: 2 | AX76: 2 | AY76: 0 | AZ76: 3.95 | BA76: 4 | BB76: 7.825 | BC76: =SUM(AQ76:AT76) -> 3.95 | BD76: 1.75 | BE76: 1.85 | BF76: 4 | BG76: 1.75 | BH76: 2 | BI76: 2 | BJ76: 2 | BK76: 8 | BL76: 0 | BM76: 5.85 | BN76: 0 | BO76: 2 | BP76: =SUM(BD76:BG76) -> 9.35 | BQ76: 4 | BR76: 4 | BS76: 4 | BT76: 4 | BU76: 0 | BV76: 0 | BW76: 0 | BX76: 0 | BY76: 0 | BZ76: 0 | CA76: 0 | CB76: 0 | CC76: =SUM(BQ76:BT76) -> 16 | CD76: 0 | CE76: 0 | CF76: 0 | CG76: 0 | CH76: 0 | CI76: 0 | CJ76: 0 | CK76: 0 | CL76: 0 | CM76: 0 | CN76: 0 | CO76: 0 | CP76: =SUM(CD76:CG76) -> 0 | CQ76: 0 | CR76: 0 | CS76: 0 | CT76: 0 | CU76: 0 | CV76: 0 | CW76: 0 | CX76: 0 | CY76: 0 | CZ76: 0 | DA76: 0 | DB76: 0 | DC76: =SUM(CQ76:CT76) -> 0 | DD76: 0 | DE76: 0 | DF76: 0 | DG76: 0 | DH76: 0 | DI76: 0 | DJ76: 0 | DK76: 0 | DL76: 0 | DM76: 0 | DN76: 0 | DO76: 0 | DP76: =SUM(DD76:DO76) -> 0
B77: PUE-TLAX-MOR TOTAL | Q77: =SUM(Q72:Q76) -> 3.975 | R77: =SUM(R72:R76) -> 0 | S77: =SUM(S72:S76) -> 7.675 | T77: =SUM(T72:T76) -> 7.925 | U77: =SUM(U72:U76) -> 9.8 | V77: =SUM(V72:V76) -> 3.475 | W77: =SUM(W72:W76) -> 0 | X77: =SUM(X72:X76) -> 15 | ... DP77: =SUM(DP72:DP76) -> 0
B78: OAXACA - CHIAPAS | C78: TAPACHULA | Q78: 0 | R78: 0 | S78: 0 | T78: 0 | U78: 0 | V78: 0 | W78: 0 | X78: 0 | Y78: 0 | Z78: 0 | AA78: 0 | AB78: 0 | AC78: =SUM(Q78:T78) -> 0 | AD78: 0 | AE78: 0 | AF78: 0 | AG78: 0 | AH78: 0 | AI78: 2 | AJ78: 0 | AK78: 0 | AL78: 0 | AM78: 0 | AN78: 0 | AO78: 0 | AP78: =SUM(AD78:AG78) -> 0 | AQ78: 0 | AR78: 0 | AS78: 0 | AT78: 0 | AU78: 0 | AV78: 0 | AW78: 0 | AX78: 0 | AY78: 0 | AZ78: 0 | BA78: 0 | BB78: 0 | BC78: =SUM(AQ78:AT78) -> 0 | BD78: 0 | BE78: 0 | BF78: 0 | BG78: 0 | BH78: 2 | BI78: 2 | BJ78: 0 | BK78: 0 | BL78: 0 | BM78: 0 | BN78: 4 | BO78: 0 | BP78: =SUM(BD78:BG78) -> 0 | BQ78: 0 | BR78: 0 | BS78: 0 | BT78: 0 | BU78: 0 | BV78: 0 | BW78: 0 | BX78: 0 | BY78: 0 | BZ78: 0 | CA78: 0 | CB78: 0 | CC78: =SUM(BQ78:BT78) -> 0 | CD78: 0 | CE78: 0 | CF78: 0 | CG78: 0 | CH78: 0 | CI78: 0 | CJ78: 0 | CK78: 0 | CL78: 0 | CM78: 0 | CN78: 0 | CO78: 0 | CP78: =SUM(CD78:CG78) -> 0 | CQ78: 0 | CR78: 0 | CS78: 0 | CT78: 0 | CU78: 0 | CV78: 0 | CW78: 0 | CX78: 0 | CY78: 0 | CZ78: 0 | DA78: 0 | DB78: 0 | DC78: =SUM(CQ78:CT78) -> 0 | DD78: 0 | DE78: 0 | DF78: 0 | DG78: 0 | DH78: 0 | DI78: 0 | DJ78: 0 | DK78: 0 | DL78: 0 | DM78: 0 | DN78: 0 | DO78: 0 | DP78: =SUM(DD78:DO78) -> 0
C79: TUXTLA | Q79: 0 | R79: 0 | S79: 0 | T79: 4 | U79: 0 | V79: 0 | W79: 0 | X79: 0 | Y79: 0 | Z79: 0 | AA79: 0 | AB79: 0 | AC79: =SUM(Q79:T79) -> 4 | AD79: 0 | AE79: 0 | AF79: 2 | AG79: 0 | AH79: 0 | AI79: 0 | AJ79: 0 | AK79: 0 | AL79: 0 | AM79: 0 | AN79: 0 | AO79: 0 | AP79: =SUM(AD79:AG79) -> 2 | AQ79: 0 | AR79: 0 | AS79: 0 | AT79: 0 | AU79: 0 | AV79: 0 | AW79: 2 | AX79: 2 | AY79: 0 | AZ79: 0 | BA79: 0 | BB79: 0 | BC79: =SUM(AQ79:AT79) -> 0 | BD79: 0 | BE79: 0 | BF79: 1.8 | BG79: 0 | BH79: 1.9 | BI79: 0 | BJ79: 2 | BK79: 0 | BL79: 0 | BM79: 0 | BN79: 2 | BO79: 0 | BP79: =SUM(BD79:BG79) -> 1.8 | BQ79: 2 | BR79: 0 | BS79: 0 | BT79: 4 | BU79: 0 | BV79: 0 | BW79: 0 | BX79: 0 | BY79: 0 | BZ79: 0 | CA79: 0 | CB79: 0 | CC79: =SUM(BQ79:BT79) -> 6 | CD79: 0 | CE79: 0 | CF79: 0 | CG79: 0 | CH79: 0 | CI79: 0 | CJ79: 0 | CK79: 0 | CL79: 0 | CM79: 0 | CN79: 0 | CO79: 0 | CP79: =SUM(CD79:CG79) -> 0 | CQ79: 0 | CR79: 0 | CS79: 0 | CT79: 0 | CU79: 0 | CV79: 0 | CW79: 0 | CX79: 0 | CY79: 0 | CZ79: 0 | DA79: 0 | DB79: 0 | DC79: =SUM(CQ79:CT79) -> 0 | DD79: 0 | DE79: 0 | DF79: 0 | DG79: 0 | DH79: 0 | DI79: 0 | DJ79: 0 | DK79: 0 | DL79: 0 | DM79: 0 | DN79: 0 | DO79: 0 | DP79: =SUM(DD79:DO79) -> 0
C80: OAXACA | Q80: 0 | R80: 0 | S80: 0 | T80: 0 | U80: 0 | V80: 0 | W80: 0 | X80: 1.825 | Y80: 0 | Z80: 0 | AA80: 0 | AB80: 0 | AC80: =SUM(Q80:T80) -> 0 | AD80: 0 | AE80: 0 | AF80: 6 | AG80: 0 | AH80: 0 | AI80: 1.875 | AJ80: 2 | AK80: 0 | AL80: 2 | AM80: 0 | AN80: 0 | AO80: 0 | AP80: =SUM(AD80:AG80) -> 6 | AQ80: 3.5 | AR80: 2 | AS80: 0 | AT80: 0 | AU80: 0 | AV80: 0 | AW80: 2 | AX80: 0 | AY80: 0 | AZ80: 3.6 | BA80: 0 | BB80: 4 | BC80: =SUM(AQ80:AT80) -> 5.5 | BD80: 0 | BE80: 4 | BF80: 0 | BG80: 2 | BH80: 2 | BI80: 2 | BJ80: 2 | BK80: 0 | BL80: 0 | BM80: 4 | BN80: 0 | BO80: 2 | BP80: =SUM(BD80:BG80) -> 6 | BQ80: 4 | BR80: 0 | BS80: 0 | BT80: 6 | BU80: 0 | BV80: 0 | BX80: 0 | BY80: 0 | BZ80: 0 | CA80: 0 | CB80: 0 | CC80: =SUM(BQ80:BT80) -> 10 | CD80: 0 | CE80: 0 | CF80: 0 | CG80: 0 | CH80: 0 | CI80: 0 | CJ80: 0 | CK80: 0 | CL80: 0 | CM80: 0 | CN80: 0 | CO80: 0 | CP80: =SUM(CD80:CG80) -> 0 | CQ80: 0 | CR80: 0 | CS80: 0 | CT80: 0 | CU80: 0 | CV80: 0 | CW80: 0 | CX80: 0 | CY80: 0 | CZ80: 0 | DA80: 0 | DB80: 0 | DC80: =SUM(CQ80:CT80) -> 0 | DD80: 0 | DE80: 0 | DF80: 0 | DG80: 0 | DH80: 0 | DI80: 0 | DJ80: 0 | DK80: 0 | DL80: 0 | DM80: 0 | DN80: 0 | DO80: 0 | DP80: =SUM(DD80:DO80) -> 0
B81: OAXACA - CHIAPAS TOTAL | Q81: =SUM(Q78:Q80) -> 0 | R81: =SUM(R78:R80) -> 0 | S81: =SUM(S78:S80) -> 0 | T81: =SUM(T78:T80) -> 4 | U81: =SUM(U78:U80) -> 0 | V81: =SUM(V78:V80) -> 0 | W81: =SUM(W78:W80) -> 0 | X81: =SUM(X78:X80) -> 1.825 | ... DP81: =SUM(DP78:DP80) -> 0
B82: VERACRUZ TABASCO | C82: COATZACOALCOS | Q82: 0 | R82: 0 | S82: 0 | T82: 0 | U82: 0 | V82: 0 | W82: 0 | X82: 0 | Y82: 2 | Z82: 0 | AA82: 0 | AB82: 2 | AC82: =SUM(Q82:T82) -> 0 | AD82: 2 | AE82: 0 | AF82: 2 | AG82: 0 | AH82: 2 | AI82: 2 | AJ82: 0 | AK82: 2 | AL82: 0 | AM82: 0 | AN82: 0 | AO82: 1.9 | AP82: =SUM(AD82:AG82) -> 4 | AQ82: 0 | AR82: 0 | AS82: 0 | AT82: 0 | AU82: 0 | AV82: 0 | AW82: 0 | AX82: 0 | AY82: 0 | AZ82: 0 | BA82: 0 | BB82: 0 | BC82: =SUM(AQ82:AT82) -> 0 | BD82: 0 | BE82: 0 | BF82: 0 | BG82: 0 | BH82: 0 | BI82: 0 | BJ82: 0 | BK82: 0 | BL82: 0 | BM82: 0 | BN82: 0 | BO82: 0 | BP82: =SUM(BD82:BG82) -> 0 | BQ82: 0 | BR82: 0 | BS82: 0 | BT82: 0 | BU82: 0 | BV82: 0 | BW82: 0 | BX82: 0 | BY82: 0 | BZ82: 0 | CA82: 0 | CB82: 0 | CC82: =SUM(BQ82:BT82) -> 0 | CD82: 0 | CE82: 0 | CF82: 0 | CG82: 0 | CH82: 0 | CI82: 0 | CJ82: 0 | CK82: 0 | CL82: 0 | CM82: 0 | CN82: 0 | CO82: 0 | CP82: =SUM(CD82:CG82) -> 0 | CQ82: 0 | CR82: 0 | CS82: 0 | CT82: 0 | CU82: 0 | CV82: 0 | CW82: 0 | CX82: 0 | CY82: 0 | CZ82: 0 | DA82: 0 | DB82: 0 | DC82: =SUM(CQ82:CT82) -> 0 | DD82: 0 | DE82: 0 | DF82: 0 | DG82: 0 | DH82: 0 | DI82: 0 | DJ82: 0 | DK82: 0 | DL82: 0 | DM82: 0 | DN82: 0 | DO82: 0 | DP82: =SUM(DD82:DO82) -> 0
C83: CORDOBA | Q83: 0 | R83: 0 | S83: 0 | T83: 0 | U83: 0 | V83: 0 | W83: 0 | X83: 0 | Y83: 0 | Z83: 0 | AA83: 0 | AB83: 0 | AC83: =SUM(Q83:T83) -> 0 | AD83: 0 | AE83: 0 | AF83: 0 | AG83: 0 | AH83: 2 | AI83: 0 | AJ83: 0 | AK83: 0 | AL83: 0 | AM83: 0 | AN83: 0 | AO83: 0 | AP83: =SUM(AD83:AG83) -> 0 | AQ83: 0 | AR83: 0 | AS83: 0 | AT83: 0 | AU83: 0 | AV83: 0 | AW83: 0 | AX83: 0 | AY83: 0 | AZ83: 0 | BA83: 0 | BB83: 0 | BC83: =SUM(AQ83:AT83) -> 0 | BD83: 0 | BE83: 0 | BF83: 0 | BG83: 0 | BH83: 0 | BI83: 0 | BJ83: 0 | BK83: 0 | BL83: 0 | BM83: 4 | BN83: 0 | BO83: 0 | BP83: =SUM(BD83:BG83) -> 0 | BQ83: 0 | BR83: 0 | BS83: 0 | BT83: 0 | BU83: 0 | BV83: 0 | BW83: 0 | BX83: 0 | BY83: 0 | BZ83: 0 | CA83: 0 | CB83: 0 | CC83: =SUM(BQ83:BT83) -> 0 | CD83: 0 | CE83: 0 | CF83: 0 | CG83: 0 | CH83: 0 | CI83: 0 | CJ83: 0 | CK83: 0 | CL83: 0 | CM83: 0 | CN83: 0 | CO83: 0 | CP83: =SUM(CD83:CG83) -> 0 | CQ83: 0 | CR83: 0 | CS83: 0 | CT83: 0 | CU83: 0 | CV83: 0 | CW83: 0 | CX83: 0 | CY83: 0 | CZ83: 0 | DA83: 0 | DB83: 0 | DC83: =SUM(CQ83:CT83) -> 0 | DD83: 0 | DE83: 0 | DF83: 0 | DG83: 0 | DH83: 0 | DI83: 0 | DJ83: 0 | DK83: 0 | DL83: 0 | DM83: 0 | DN83: 0 | DO83: 0 | DP83: =SUM(DD83:DO83) -> 0
C84: VERACRUZ | Q84: 0 | R84: 0 | S84: 4 | T84: 0 | U84: 0 | V84: 0 | W84: 0 | X84: 0 | Y84: 2 | Z84: 2 | AA84: 0 | AB84: 0 | AC84: =SUM(Q84:T84) -> 4 | AD84: 4 | AE84: 0 | AF84: 2 | AG84: 0 | AH84: 0 | AI84: 0 | AJ84: 3.5 | AK84: 0 | AL84: 0 | AM84: 0 | AN84: 0 | AO84: 0 | AP84: =SUM(AD84:AG84) -> 6 | AQ84: 0 | AR84: 0 | AS84: 0 | AT84: 0 | AU84: 0 | AV84: 0 | AW84: 0 | AX84: 0 | AY84: 0 | AZ84: 2.475 | BA84: 0 | BB84: 0 | BC84: =SUM(AQ84:AT84) -> 0 | BD84: 0 | BE84: 0 | BF84: 0 | BG84: 0 | BH84: 0 | BI84: 0 | BJ84: 4 | BK84: 2 | BL84: 0 | BM84: 2 | BN84: 2 | BO84: 3.575 | BP84: =SUM(BD84:BG84) -> 0 | BQ84: 0 | BR84: 2 | BS84: 0 | BT84: 1.825 | BU84: 0 | BV84: 0 | BW84: 0 | BX84: 0 | BY84: 0 | BZ84: 0 | CA84: 0 | CB84: 0 | CC84: =SUM(BQ84:BT84) -> 3.825 | CD84: 0 | CE84: 0 | CF84: 0 | CG84: 0 | CH84: 0 | CI84: 0 | CJ84: 0 | CK84: 0 | CL84: 0 | CM84: 0 | CN84: 0 | CO84: 0 | CP84: =SUM(CD84:CG84) -> 0 | CQ84: 0 | CR84: 0 | CS84: 0 | CT84: 0 | CU84: 0 | CV84: 0 | CW84: 0 | CX84: 0 | CY84: 0 | CZ84: 0 | DA84: 0 | DB84: 0 | DC84: =SUM(CQ84:CT84) -> 0 | DD84: 0 | DE84: 0 | DF84: 0 | DG84: 0 | DH84: 0 | DI84: 0 | DJ84: 0 | DK84: 0 | DL84: 0 | DM84: 0 | DN84: 0 | DO84: 0 | DP84: =SUM(DD84:DO84) -> 0
C85: VILLAHERMOSA | Q85: 0 | R85: 0 | S85: 0 | T85: 0 | U85: 0 | V85: 0 | W85: 0 | X85: 2 | Y85: 0 | Z85: 0 | AA85: 0 | AB85: 1.55 | AC85: =SUM(Q85:T85) -> 0 | AD85: 0 | AE85: 0 | AF85: 2 | AG85: 0 | AH85: 2.5 | AI85: 1.25 | AJ85: 0 | AK85: 0 | AL85: 0 | AM85: 0 | AN85: 0 | AO85: 3.475 | AP85: =SUM(AD85:AG85) -> 2 | AQ85: 0 | AR85: 0 | AS85: 0 | AT85: 0 | AU85: 0 | AV85: 2 | AW85: 0 | AX85: 2 | AY85: 0 | AZ85: 2 | BA85: 2 | BB85: 0 | BC85: =SUM(AQ85:AT85) -> 0 | BD85: 2 | BE85: 0 | BF85: 1.475 | BG85: 0 | BH85: 0 | BI85: 0 | BJ85: 0 | BK85: 0 | BL85: 2 | BM85: 0 | BN85: 1.975 | BO85: 0 | BP85: =SUM(BD85:BG85) -> 3.475 | BQ85: 0 | BR85: 0 | BS85: 0 | BT85: 0 | BU85: 0 | BV85: 0 | BW85: 0 | BX85: 0 | BY85: 0 | BZ85: 0 | CA85: 0 | CB85: 0 | CC85: =SUM(BQ85:BT85) -> 0 | CD85: 0 | CE85: 0 | CF85: 0 | CG85: 0 | CH85: 0 | CI85: 0 | CJ85: 0 | CK85: 0 | CL85: 0 | CM85: 0 | CN85: 0 | CO85: 0 | CP85: =SUM(CD85:CG85) -> 0 | CQ85: 0 | CR85: 0 | CS85: 0 | CT85: 0 | CU85: 0 | CV85: 0 | CW85: 0 | CX85: 0 | CY85: 0 | CZ85: 0 | DA85: 0 | DB85: 0 | DC85: =SUM(CQ85:CT85) -> 0 | DD85: 0 | DE85: 0 | DF85: 0 | DG85: 0 | DH85: 0 | DI85: 0 | DJ85: 0 | DK85: 0 | DL85: 0 | DM85: 0 | DN85: 0 | DO85: 0 | DP85: =SUM(DD85:DO85) -> 0
C86: JALAPA | Q86: 0 | R86: 0 | S86: 0 | T86: 0 | U86: 0 | V86: 0 | W86: 0 | X86: 0 | Y86: 0 | Z86: 0 | AA86: 0 | AB86: 0 | AC86: =SUM(Q86:T86) -> 0 | AD86: 2.2 | AE86: 0 | AF86: 0 | AG86: 0 | AH86: 0 | AI86: 1 | AJ86: 2 | AK86: 0 | AL86: 0 | AM86: 0 | AN86: 0 | AO86: 2 | AP86: =SUM(AD86:AG86) -> 2.2 | AQ86: 0 | AR86: 0 | AS86: 0 | AT86: 0 | AU86: 0 | AV86: 2 | AW86: 0 | AX86: 0 | AY86: 0.5 | AZ86: 0 | BA86: 2 | BB86: 0 | BC86: =SUM(AQ86:AT86) -> 0 | BD86: 0 | BE86: 0 | BF86: 0 | BG86: 0 | BH86: 0 | BI86: 0 | BJ86: 3 | BK86: 0 | BL86: 2 | BM86: 8 | BN86: 8 | BO86: 0 | BP86: =SUM(BD86:BG86) -> 0 | BQ86: 0 | BR86: 0 | BS86: 0 | BT86: 0 | BU86: 0 | BV86: 0 | BW86: 0 | BX86: 0 | BY86: 0 | BZ86: 0 | CA86: 0 | CB86: 0 | CC86: =SUM(BQ86:BT86) -> 0 | CD86: 0 | CE86: 0 | CF86: 0 | CG86: 0 | CH86: 0 | CI86: 0 | CJ86: 0 | CK86: 0 | CL86: 0 | CM86: 0 | CN86: 0 | CO86: 0 | CP86: =SUM(CD86:CG86) -> 0 | CQ86: 0 | CR86: 0 | CS86: 0 | CT86: 0 | CU86: 0 | CV86: 0 | CW86: 0 | CX86: 0 | CY86: 0 | CZ86: 0 | DA86: 0 | DB86: 0 | DC86: =SUM(CQ86:CT86) -> 0 | DD86: 0 | DE86: 0 | DF86: 0 | DG86: 0 | DH86: 0 | DI86: 0 | DJ86: 0 | DK86: 0 | DL86: 0 | DM86: 0 | DN86: 0 | DO86: 0 | DP86: =SUM(DD86:DO86) -> 0
B87: VERACRUZ TABASCO TOTAL | Q87: =SUM(Q82:Q86) -> 0 | R87: =SUM(R82:R86) -> 0 | S87: =SUM(S82:S86) -> 4 | T87: =SUM(T82:T86) -> 0 | U87: =SUM(U82:U86) -> 0 | V87: =SUM(V82:V86) -> 0 | W87: =SUM(W82:W86) -> 0 | X87: =SUM(X82:X86) -> 2 | ... BV87: =SUM(BV82:BV86) -> 0 | BW87: 0 | BX87: =SUM(BX82:BX86) -> 0 | BY87: =SUM(BY82:BY86) -> 0 | BZ87: =SUM(BZ82:BZ86) -> 0 | CA87: =SUM(CA82:CA86) -> 0 | CB87: =SUM(CB82:CB86) -> 0 | CC87: =SUM(CC82:CC86) -> 3.825 | CD87: =SUM(CD82:CD86) -> 0 | CE87: =SUM(CE82:CE86) -> 0 | ... CI87: =SUM(CI82:CI86) -> 0 | CJ87: 0 | CK87: =SUM(CK82:CK86) -> 0 | CL87: =SUM(CL82:CL86) -> 0 | CM87: =SUM(CM82:CM86) -> 0 | CN87: =SUM(CN82:CN86) -> 0 | CO87: =SUM(CO82:CO86) -> 0 | CP87: =SUM(CP82:CP86) -> 0 | CQ87: =SUM(CQ82:CQ86) -> 0 | CR87: =SUM(CR82:CR86) -> 0 | ... CV87: =SUM(CV82:CV86) -> 0 | CW87: 0 | CX87: =SUM(CX82:CX86) -> 0 | CY87: =SUM(CY82:CY86) -> 0 | CZ87: =SUM(CZ82:CZ86) -> 0 | DA87: =SUM(DA82:DA86) -> 0 | DB87: =SUM(DB82:DB86) -> 0 | DC87: =SUM(DC82:DC86) -> 0 | DD87: =SUM(DD82:DD86) -> 0 | DE87: =SUM(DE82:DE86) -> 0 | ... DI87: =SUM(DI82:DI86) -> 0 | DJ87: 0 | DK87: =SUM(DK82:DK86) -> 0 | DL87: =SUM(DL82:DL86) -> 0 | DM87: =SUM(DM82:DM86) -> 0 | DN87: =SUM(DN82:DN86) -> 0 | DO87: =SUM(DO82:DO86) -> 0 | DP87: =SUM(DP82:DP86) -> 0
A88: CENTRO-SUR TOTAL | Q88: =Q61+Q64+Q71+Q77+Q81+Q87 -> 63.625 | R88: =R61+R64+R71+R77+R81+R87 -> 4 | S88: =S61+S64+S71+S77+S81+S87 -> 45.325 | T88: =T61+T64+T71+T77+T81+T87 -> 123.3 | U88: =U61+U64+U71+U77+U81+U87 -> 87.425 | V88: =V61+V64+V71+V77+V81+V87 -> 91.05 | W88: =W61+W64+W71+W77+W81+W87 -> 61.875 | X88: =X61+X64+X71+X77+X81+X87 -> 65 | ... DP88: =DP61+DP64+DP71+DP77+DP81+DP87 -> 0
A89: HD TOTAL | Q89: =Q32+Q59+Q88 -> 87.525 | R89: =R32+R59+R88 -> 62.675 | S89: =S32+S59+S88 -> 92.475 | T89: =T32+T59+T88 -> 170.85 | U89: =U32+U59+U88 -> 163.2 | V89: =V32+V59+V88 -> 136.1 | W89: =W32+W59+W88 -> 142.225 | X89: =X32+X59+X88 -> 159.375 | ... DP89: =DP32+DP59+DP88 -> 1852.2
CS116: 2019 | CT116: 2020 | CU116: 2021 | CV116: 2022 | CW116: 2023 | CX116: 2024 | CY116: 2025 | CZ116: 2026
CR117: VOL | CS117: 1434.625 | CT117: 1572.85 | CU117: 1504.05 | CV117: 2009.675 | CW117: 2792.775 | CX117: 6178.4 | CY117: =DC89 -> 2140.2 | CZ117: =DP89 -> 1852.2

Sheet MS antes
A2: MEZCLAS SECAS | AQ2: 25 | AR2: 23 | AS2: 26 | AT2: 24 | AU2: 25 | AV2: 26 | AW2: 27 | AX2: 26 | AY2: 25 | AZ2: 26 | BA2: 25 | BB2: 25 | BC2: =SUM(AQ2:AS2) -> 74 | BD2: 25 | BE2: 23 | BF2: 26 | BG2: 24 | BH2: 26 | BI2: 26 | BJ2: 26 | BK2: 27 | BL2: 25 | BM2: 26 | BN2: 25 | BO2: 26 | BP2: =SUM(BD2:BF2) -> 74 | BQ2: 26 | BR2: 23 | BS2: 26 | BT2: 23 | BU2: 26 | BV2: 26 | BW2: 26 | BX2: 27 | BY2: 25 | BZ2: 26 | CA2: 25 | CB2: 25 | CC2: =SUM(BQ2:BS2) -> 75 | CD2: 26 | CE2: 24 | CF2: 23 | CG2: 26 | CH2: 26 | CI2: 25 | CJ2: 27 | CK2: 27 | CL2: 24 | CM2: 26 | CN2: 25 | CO2: 24 | CP2: =SUM(CD2:CF2) -> 73 | CQ2: 26 | CR2: 23 | CS2: 24 | CT2: 24 | CU2: 26 | CV2: 25 | CW2: 27 | CX2: 26 | CY2: 25 | CZ2: 27 | DA2: 24 | DB2: 25 | DC2: =SUM(CQ2:CS2) -> 73 | DD2: 26 | DE2: 23 | DF2: 25 | DP2: =SUM(DD2:DO2) -> 74
A3: Region | B3: Gerencia | C3: Plaza | D3: Ene'18 | E3: Feb'18 | F3: Mar'18 | G3: Abr'18 | H3: May'18 | I3: Jun'18 | J3: Jul'18 | K3: Ago'19 | L3: Sep'18 | M3: Oct'18 | N3: Nov'18 | O3: Dic'18 | P3: Acum'18 | Q3: Ene'19 | R3: Feb'19 | S3: Mar'19 | T3: Abr'19 | U3: May'19 | V3: Jun'19 | W3: Jul'19 | X3: Ago'19 | Y3: Sep'19 | Z3: Oct'19 | AA3: Nov'19 | AB3: Dic'19 | AC3: Acum'19 | AD3: Ene'20 | AE3: Feb'20 | AF3: Mar'20 | AG3: Abr'20 | AH3: May'20 | AI3: Jun'20 | AJ3: Jul'20 | AK3: Ago'20 | AL3: Sep'20 | AM3: Oct'20 | AN3: Nov'20 | AO3: Dic'20 | AP3: Acum'20 | AQ3: Ene'21 | AR3: Feb'21 | AS3: Mar'21 | AT3: Abr'21 | AU3: May'21 | AV3: Jun'21 | AW3: Jul'21 | AX3: Ago'21 | AY3: Sep'21 | AZ3: Oct'21 | BA3: Nov'21 | BB3: Dic'21 | BC3: Acum'21 | BD3: Ene'22 | BE3: Feb'22 | BF3: Mar'22 | BG3: Abr'22 | BH3: May'22 | BI3: Jun'22 | BJ3: Jul'22 | BK3: Ago'22 | BL3: Sep'22 | BM3: Oct'22 | BN3: Nov'22 | BO3: Dic'22 | BP3: Acum'22 | BQ3: Ene'23 | BR3: Feb'23 | BS3: Mar'23 | BT3: Abr'23 | BU3: May'23 | BV3: Jun'23 | BW3: Jul'23 | BX3: Ago'23 | BY3: Sep'23 | BZ3: Oct'23 | CA3: Nov'23 | CB3: Dic'23 | CC3: Acum'23 | CD3: Ene'24 | CE3: Feb'24 | CF3: Mar'24 | CG3: Abr'24 | CH3: May'24 | CI3: Jun'24 | CJ3: Jul'24 | CK3: Ago'24 | CL3: Sep'24 | CM3: Oct'24 | CN3: Nov'24 | CO3: Dic'24 | CP3: Acum'24 | CQ3: Ene'25 | CR3: Feb'25 | CS3: Mar'25 | CT3: Abr'25 | CU3: May'25 | CV3: Jun'25 | CW3: Jul'25 | CX3: Ago'25 | CY3: Sep'25 | CZ3: Oct'25 | DA3: Nov'25 | DB3: Dic'25 | DC3: Acum'25 | DD3: Ene'26 | DE3: Feb'26 | DF3: Mar'26 | DG3: Abr'26 | DH3: May'26 | DI3: Jun'26 | DJ3: Jul'26 | DK3: Ago'26 | DL3: Sep'26 | DM3: Oct'26 | DN3: Nov'26 | DO3: Dic'26 | DP3: Acum'26
A4: PACIFICO | B4: GUADALAJARA ALTOS | C4: GUADALAJARA | Q4: 0 | R4: 21 | S4: 16 | T4: 0 | U4: 31.5 | V4: 1.975 | W4: 0 | X4: 4.725 | Y4: 6 | Z4: 8 | AA4: 5 | AB4: 2.5 | AC4: =SUM(Q4:S4) -> 37 | AD4: 4.4 | AE4: 10 | AF4: 8.975 | AG4: 15.8 | AH4: 13.25 | AI4: 8.175 | AJ4: 7.625 | AK4: 9.75 | AL4: 5.1 | AM4: 7.4 | AN4: 0 | AO4: 16.05 | AP4: =SUM(AD4:AF4) -> 23.375 | AQ4: 0 | AR4: 14.75 | AS4: 4 | AT4: 10 | AU4: 8 | AV4: 19 | AW4: 5.25 | AX4: 12 | AY4: 13.65 | AZ4: 17.075 | BA4: 21.125 | BB4: 24.5 | BC4: =SUM(AQ4:AS4) -> 18.75 | BD4: 8 | BE4: 3.25 | BF4: 17.5 | BG4: 11.775 | BH4: 21.425 | BI4: 2.5 | BJ4: 12 | BK4: 9.325 | BL4: 14.975 | BM4: 10 | BN4: 31 | BO4: 14 | BP4: =SUM(BD4:BF4) -> 28.75 | BQ4: 19.9 | BR4: 7.7 | BS4: 6 | BT4: 20 | BU4: 5.875 | BV4: 0 | BW4: 31.5 | BX4: 0 | BY4: 0 | BZ4: 0 | CA4: 0 | CB4: 0 | CC4: =SUM(BQ4:BS4) -> 33.6 | CD4: 0 | CE4: 0 | CF4: 0 | CG4: 0 | CH4: 0 | CI4: 0 | CJ4: 0 | CK4: 0 | CL4: 0 | CM4: 0 | CN4: 0 | CO4: 0 | CP4: =SUM(CD4:CF4) -> 0 | CQ4: 0 | CR4: 0 | CS4: 0 | CT4: 0 | CU4: 0 | CV4: 0 | CW4: 0 | CX4: 0 | CY4: 0 | CZ4: 0 | DA4: 0 | DB4: 0 | DC4: =SUM(CQ4:CS4) -> 0 | DD4: 0 | DE4: 0 | DF4: 0 | DG4: 0 | DH4: 0 | DI4: 0 | DJ4: 0 | DK4: 0 | DL4: 0 | DM4: 0 | DN4: 0 | DO4: 0 | DP4: =SUM(DD4:DO4) -> 0
B5: GUADALAJARA ALTOS TOTAL | Q5: =SUM(Q4) -> 0 | R5: =SUM(R4) -> 21 | S5: =SUM(S4) -> 16 | T5: =SUM(T4) -> 0 | U5: =SUM(U4) -> 31.5 | V5: =SUM(V4) -> 1.975 | W5: =SUM(W4) -> 0 | X5: =SUM(X4) -> 4.725 | ... BV5: =SUM(BV4) -> 0 | BW5: 31.5 | BX5: =SUM(BX4) -> 0 | BY5: =SUM(BY4) -> 0 | BZ5: =SUM(BZ4) -> 0 | CA5: =SUM(CA4) -> 0 | CB5: =SUM(CB4) -> 0 | CC5: =SUM(CC4) -> 33.6 | CD5: =SUM(CD4) -> 0 | CE5: =SUM(CE4) -> 0 | ... DP5: =SUM(DP4) -> 0
B6: JAL-COL-NAY | C6: COLIMA | Q6: 0 | R6: 0 | S6: 0 | T6: 0 | U6: 0 | V6: 0 | W6: 0 | X6: 0 | Y6: 2 | Z6: 2 | AA6: 2 | AB6: 0 | AC6: =SUM(Q6:S6) -> 0 | AD6: 0 | AE6: 0 | AF6: 2 | AG6: 0 | AH6: 2 | AI6: 0 | AJ6: 0 | AK6: 2 | AL6: 0 | AM6: 0 | AN6: 0 | AO6: 0 | AP6: =SUM(AD6:AF6) -> 2 | AQ6: 0 | AR6: 0 | AS6: 0 | AT6: 2 | AU6: 0 | AV6: 0 | AW6: 0 | AX6: 3.525 | AY6: 0 | AZ6: 0 | BA6: 3.9 | BB6: 0 | BC6: =SUM(AQ6:AS6) -> 0 | BD6: 0 | BE6: 0 | BF6: 4 | BG6: 0 | BH6: 0 | BI6: 0.875 | BJ6: 0 | BK6: 1.175 | BL6: 0 | BM6: 3.925 | BN6: 0 | BO6: 2 | BP6: =SUM(BD6:BF6) -> 4 | BQ6: 4 | BR6: 0 | BS6: 2 | BT6: 4 | BU6: 0 | BV6: 0 | BW6: 0 | BX6: 0 | BY6: 0 | BZ6: 0 | CA6: 0 | CB6: 0 | CC6: =SUM(BQ6:BS6) -> 6 | CD6: 0 | CE6: 0 | CF6: 0 | CG6: 0 | CH6: 0 | CI6: 0 | CJ6: 0 | CK6: 0 | CL6: 0 | CM6: 0 | CN6: 0 | CO6: 0 | CP6: =SUM(CD6:CF6) -> 0 | CQ6: 0 | CR6: 0 | CS6: 0 | CT6: 0 | CU6: 0 | CV6: 0 | CW6: 0 | CX6: 0 | CY6: 0 | CZ6: 0 | DA6: 0 | DB6: 0 | DC6: =SUM(CQ6:CS6) -> 0 | DD6: 0 | DE6: 0 | DF6: 0 | DG6: 0 | DH6: 0 | DI6: 0 | DJ6: 0 | DK6: 0 | DL6: 0 | DM6: 0 | DN6: 0 | DO6: 0 | DP6: =SUM(DD6:DO6) -> 0
C7: MANZANILLO | Q7: 0 | R7: 0 | S7: 0 | T7: 0 | U7: 0 | V7: 0 | W7: 0 | X7: 0 | Y7: 0 | Z7: 0 | AA7: 2 | AB7: 0 | AC7: =SUM(Q7:S7) -> 0 | AD7: 0 | AE7: 0 | AF7: 4 | AG7: 0 | AH7: 0 | AI7: 0 | AJ7: 0 | AK7: 4 | AL7: 0 | AM7: 0 | AN7: 0 | AO7: 0 | AP7: =SUM(AD7:AF7) -> 4 | AQ7: 0 | AR7: 0 | AS7: 0 | AT7: 0 | AU7: 0 | AV7: 1.95 | AW7: 0 | AX7: 0 | AY7: 0 | AZ7: 0 | BA7: 3.8 | BB7: 0 | BC7: =SUM(AQ7:AS7) -> 0 | BD7: 0 | BE7: 0 | BF7: 0 | BG7: 0 | BH7: 0 | BI7: 0 | BJ7: 0 | BK7: 0 | BL7: 2 | BM7: 2 | BN7: 0 | BO7: 0 | BP7: =SUM(BD7:BF7) -> 0 | BQ7: 3.975 | BR7: 0 | BS7: 0 | BT7: 1.85 | BU7: 1.9 | BV7: 0 | BW7: 0 | BX7: 0 | BY7: 0 | BZ7: 0 | CA7: 0 | CB7: 0 | CC7: =SUM(BQ7:BS7) -> 3.975 | CD7: 0 | CE7: 0 | CF7: 0 | CG7: 0 | CH7: 0 | CI7: 0 | CJ7: 0 | CK7: 0 | CL7: 0 | CM7: 0 | CN7: 0 | CO7: 0 | CP7: =SUM(CD7:CF7) -> 0 | CQ7: 0 | CR7: 0 | CS7: 0 | CT7: 0 | CU7: 0 | CV7: 0 | CW7: 0 | CX7: 0 | CY7: 0 | CZ7: 0 | DA7: 0 | DB7: 0 | DC7: =SUM(CQ7:CS7) -> 0 | DD7: 0 | DE7: 0 | DF7: 0 | DG7: 0 | DH7: 0 | DI7: 0 | DJ7: 0 | DK7: 0 | DL7: 0 | DM7: 0 | DN7: 0 | DO7: 0 | DP7: =SUM(DD7:DO7) -> 0
C8: PUERTO VALLARTA | Q8: 0 | R8: 0 | S8: 0 | T8: 0 | U8: 0 | V8: 0 | W8: 8 | X8: 0 | Y8: 0 | Z8: 0 | AA8: 0 | AB8: 0 | AC8: =SUM(Q8:S8) -> 0 | AD8: 0 | AE8: 2 | AF8: 4 | AG8: 0 | AH8: 0 | AI8: 0 | AJ8: 3.75 | AK8: 0 | AL8: 4 | AM8: 0 | AN8: 2.5 | AO8: 2 | AP8: =SUM(AD8:AF8) -> 6 | AQ8: 1.25 | AR8: 0 | AS8: 6 | AT8: 0 | AU8: 0 | AV8: 0 | AW8: 0 | AX8: 0 | AY8: 0 | AZ8: 6 | BA8: 0 | BB8: 0 | BC8: =SUM(AQ8:AS8) -> 7.25 | BD8: 4 | BE8: 0 | BF8: 1 | BG8: 4 | BH8: 0 | BI8: 0 | BJ8: 4 | BK8: 4 | BL8: 2 | BM8: 0 | BN8: 2 | BO8: 2 | BP8: =SUM(BD8:BF8) -> 5 | BQ8: 3.825 | BR8: 2 | BS8: 3.95 | BT8: 1.975 | BU8: 0 | BV8: 0 | BW8: 0 | BX8: 0 | BY8: 0 | BZ8: 0 | CA8: 0 | CB8: 0 | CC8: =SUM(BQ8:BS8) -> 9.775 | CD8: 0 | CE8: 0 | CF8: 0 | CG8: 0 | CH8: 0 | CI8: 0 | CJ8: 0 | CK8: 0 | CL8: 0 | CM8: 0 | CN8: 0 | CO8: 0 | CP8: =SUM(CD8:CF8) -> 0 | CQ8: 0 | CR8: 0 | CS8: 0 | CT8: 0 | CU8: 0 | CV8: 0 | CW8: 0 | CX8: 0 | CY8: 0 | CZ8: 0 | DA8: 0 | DB8: 0 | DC8: =SUM(CQ8:CS8) -> 0 | DD8: 0 | DE8: 0 | DF8: 0 | DG8: 0 | DH8: 0 | DI8: 0 | DJ8: 0 | DK8: 0 | DL8: 0 | DM8: 0 | DN8: 0 | DO8: 0 | DP8: =SUM(DD8:DO8) -> 0
C9: TEPIC | Q9: 0 | R9: 0 | S9: 0 | T9: 14 | U9: 0 | V9: 0 | W9: 0 | X9: 0 | Y9: 0 | Z9: 0 | AA9: 0 | AB9: 0 | AC9: =SUM(Q9:S9) -> 0 | AD9: 0 | AE9: 0 | AF9: 0 | AG9: 0 | AH9: 5.85 | AI9: 0 | AJ9: 0 | AK9: 2 | AL9: 0 | AM9: 0 | AN9: 10 | AO9: 0 | AP9: =SUM(AD9:AF9) -> 0 | AQ9: 3.95 | AR9: 0 | AS9: 0 | AT9: 0 | AU9: 0 | AV9: 0 | AW9: 0 | AX9: 2 | AY9: 0 | AZ9: 0 | BA9: 0 | BB9: 1.8 | BC9: =SUM(AQ9:AS9) -> 3.95 | BD9: 0 | BE9: 2 | BF9: 0 | BG9: 0 | BH9: 0 | BI9: 2 | BJ9: 0 | BK9: 0 | BL9: 2 | BM9: 0 | BN9: 0 | BO9: 0 | BP9: =SUM(BD9:BF9) -> 2 | BQ9: 4 | BR9: 0 | BS9: 0 | BT9: 4 | BU9: 0 | BV9: 0 | BW9: 0 | BX9: 0 | BY9: 0 | BZ9: 0 | CA9: 0 | CB9: 0 | CC9: =SUM(BQ9:BS9) -> 4 | CD9: 0 | CE9: 0 | CF9: 0 | CG9: 0 | CH9: 0 | CI9: 0 | CJ9: 0 | CK9: 0 | CL9: 0 | CM9: 0 | CN9: 0 | CO9: 0 | CP9: =SUM(CD9:CF9) -> 0 | CQ9: 0 | CR9: 0 | CS9: 0 | CT9: 0 | CU9: 0 | CV9: 0 | CW9: 0 | CX9: 0 | CY9: 0 | CZ9: 0 | DA9: 0 | DB9: 0 | DC9: =SUM(CQ9:CS9) -> 0 | DD9: 0 | DE9: 0 | DF9: 0 | DG9: 0 | DH9: 0 | DI9: 0 | DJ9: 0 | DK9: 0 | DL9: 0 | DM9: 0 | DN9: 0 | DO9: 0 | DP9: =SUM(DD9:DO9) -> 0
B10: JAL-COL-NAY TOTAL | Q10: =SUM(Q6:Q9) -> 0 | R10: =SUM(R6:R9) -> 0 | S10: =SUM(S6:S9) -> 0 | T10: =SUM(T6:T9) -> 14 | U10: =SUM(U6:U9) -> 0 | V10: =SUM(V6:V9) -> 0 | W10: =SUM(W6:W9) -> 8 | X10: =SUM(X6:X9) -> 0 | ... BV10: =SUM(BV6:BV9) -> 0 | BW10: 0 | BX10: =SUM(BX6:BX9) -> 0 | BY10: =SUM(BY6:BY9) -> 0 | BZ10: =SUM(BZ6:BZ9) -> 0 | CA10: =SUM(CA6:CA9) -> 0 | CB10: =SUM(CB6:CB9) -> 0 | CC10: =SUM(CC6:CC9) -> 23.75 | CD10: =SUM(CD6:CD9) -> 0 | CE10: =SUM(CE6:CE9) -> 0 | ... CI10: =SUM(CI6:CI9) -> 0 | CJ10: 0 | CK10: =SUM(CK6:CK9) -> 0 | CL10: =SUM(CL6:CL9) -> 0 | CM10: =SUM(CM6:CM9) -> 0 | CN10: =SUM(CN6:CN9) -> 0 | CO10: =SUM(CO6:CO9) -> 0 | CP10: =SUM(CP6:CP9) -> 0 | CQ10: =SUM(CQ6:CQ9) -> 0 | CR10: =SUM(CR6:CR9) -> 0 | ... CV10: =SUM(CV6:CV9) -> 0 | CW10: 0 | CX10: =SUM(CX6:CX9) -> 0 | CY10: =SUM(CY6:CY9) -> 0 | CZ10: =SUM(CZ6:CZ9) -> 0 | DA10: =SUM(DA6:DA9) -> 0 | DB10: =SUM(DB6:DB9) -> 0 | DC10: =SUM(DC6:DC9) -> 0 | DD10: =SUM(DD6:DD9) -> 0 | DE10: =SUM(DE6:DE9) -> 0 | ... DI10: =SUM(DI6:DI9) -> 0 | DJ10: 0 | DK10: =SUM(DK6:DK9) -> 0 | DL10: =SUM(DL6:DL9) -> 0 | DM10: =SUM(DM6:DM9) -> 0 | DN10: =SUM(DN6:DN9) -> 0 | DO10: =SUM(DO6:DO9) -> 0 | DP10: =SUM(DP6:DP9) -> 0
B11: LAS CALIFORNIAS | C11: CABOS | Q11: 0 | R11: 0 | S11: 0 | T11: 0 | U11: 0 | V11: 0 | W11: 0 | X11: 0 | Y11: 0 | Z11: 0 | AA11: 0 | AB11: 0 | AC11: =SUM(Q11:S11) -> 0 | AD11: 0 | AE11: 0 | AF11: 0 | AG11: 0 | AH11: 0 | AI11: 0 | AJ11: 0 | AK11: 0 | AL11: 0 | AM11: 0 | AN11: 0 | AO11: 0 | AP11: =SUM(AD11:AF11) -> 0 | AQ11: 0 | AR11: 0 | AS11: 0 | AT11: 0 | AU11: 0 | AV11: 0 | AW11: 0 | AX11: 0 | AY11: 0 | AZ11: 0 | BA11: 0 | BB11: 0 | BC11: =SUM(AQ11:AS11) -> 0 | BD11: 0 | BE11: 0 | BF11: 0 | BG11: 0 | BH11: 0 | BI11: 0 | BJ11: 0 | BK11: 0 | BL11: 0 | BM11: 0 | BN11: 0 | BO11: 0 | BP11: =SUM(BD11:BF11) -> 0 | BQ11: 0 | BR11: 0 | BS11: 0 | BT11: 0 | BU11: 0 | BV11: 0 | BW11: 0 | BX11: 0 | BY11: 0 | BZ11: 0 | CA11: 0 | CB11: 0 | CC11: =SUM(BQ11:BS11) -> 0 | CD11: 0 | CE11: 0 | CF11: 0 | CG11: 0 | CH11: 0 | CI11: 0 | CJ11: 0 | CK11: 0 | CL11: 0 | CM11: 0 | CN11: 0 | CO11: 0 | CP11: =SUM(CD11:CF11) -> 0 | CQ11: 0 | CR11: 0 | CS11: 0 | CT11: 0 | CU11: 0 | CV11: 0 | CW11: 0 | CX11: 0 | CY11: 0 | CZ11: 0 | DA11: 0 | DB11: 0 | DC11: =SUM(CQ11:CS11) -> 0 | DD11: 0 | DE11: 0 | DF11: 0 | DG11: 0 | DH11: 0 | DI11: 0 | DJ11: 0 | DK11: 0 | DL11: 0 | DM11: 0 | DN11: 0 | DO11: 0 | DP11: =SUM(DD11:DO11) -> 0
C12: LA PAZ | Q12: 0 | R12: 0 | S12: 0 | T12: 0 | U12: 0 | V12: 0 | W12: 0 | X12: 0 | Y12: 0 | Z12: 0 | AA12: 0 | AB12: 0 | AC12: =SUM(Q12:S12) -> 0 | AD12: 0 | AE12: 0 | AF12: 0 | AG12: 0 | AH12: 0 | AI12: 0 | AJ12: 0 | AK12: 0 | AL12: 0 | AM12: 0 | AN12: 0 | AO12: 0 | AP12: =SUM(AD12:AF12) -> 0 | AQ12: 0 | AR12: 0 | AS12: 0 | AT12: 0 | AU12: 0 | AV12: 0 | AW12: 0 | AX12: 0 | AY12: 0 | AZ12: 0 | BA12: 0 | BB12: 0 | BC12: =SUM(AQ12:AS12) -> 0 | BD12: 0 | BE12: 0 | BF12: 0 | BG12: 0 | BH12: 0 | BI12: 0 | BJ12: 0 | BK12: 0 | BL12: 0 | BM12: 0 | BN12: 0 | BO12: 0 | BP12: =SUM(BD12:BF12) -> 0 | BQ12: 0 | BR12: 0 | BS12: 0 | BT12: 0 | BU12: 0 | BV12: 0 | BW12: 0 | BX12: 0 | BY12: 0 | BZ12: 0 | CA12: 0 | CB12: 0 | CC12: =SUM(BQ12:BS12) -> 0 | CD12: 0 | CE12: 0 | CF12: 0 | CG12: 0 | CH12: 0 | CI12: 0 | CJ12: 0 | CK12: 0 | CL12: 0 | CM12: 0 | CN12: 0 | CO12: 0 | CP12: =SUM(CD12:CF12) -> 0 | CQ12: 0 | CR12: 0 | CS12: 0 | CT12: 0 | CU12: 0 | CV12: 0 | CW12: 0 | CX12: 0 | CY12: 0 | CZ12: 0 | DA12: 0 | DB12: 0 | DC12: =SUM(CQ12:CS12) -> 0 | DD12: 0 | DE12: 0 | DF12: 0 | DG12: 0 | DH12: 0 | DI12: 0 | DJ12: 0 | DK12: 0 | DL12: 0 | DM12: 0 | DN12: 0 | DO12: 0 | DP12: =SUM(DD12:DO12) -> 0
C13: MEXICALI | Q13: 0 | R13: 0 | S13: 0 | T13: 0 | U13: 0 | V13: 0 | W13: 0 | X13: 0 | Y13: 0 | Z13: 0 | AA13: 0 | AB13: 0 | AC13: =SUM(Q13:S13) -> 0 | AD13: 0 | AE13: 0 | AF13: 0 | AG13: 0 | AH13: 0 | AI13: 0 | AJ13: 0 | AK13: 0 | AL13: 0 | AM13: 0 | AN13: 0 | AO13: 0 | AP13: =SUM(AD13:AF13) -> 0 | AQ13: 0 | AR13: 0 | AS13: 0 | AT13: 0 | AU13: 0 | AV13: 0 | AW13: 0 | AX13: 0 | AY13: 0 | AZ13: 0 | BA13: 0 | BB13: 0 | BC13: =SUM(AQ13:AS13) -> 0 | BD13: 0 | BE13: 0 | BF13: 0 | BG13: 0 | BH13: 0 | BI13: 0 | BJ13: 0 | BK13: 0 | BL13: 0 | BM13: 0 | BN13: 0 | BO13: 0 | BP13: =SUM(BD13:BF13) -> 0 | BQ13: 0 | BR13: 0 | BS13: 0 | BT13: 0 | BU13: 0 | BV13: 0 | BW13: 0 | BX13: 0 | BY13: 0 | BZ13: 0 | CA13: 0 | CB13: 0 | CC13: =SUM(BQ13:BS13) -> 0 | CD13: 0 | CE13: 0 | CF13: 0 | CG13: 0 | CH13: 0 | CI13: 0 | CJ13: 0 | CK13: 0 | CL13: 0 | CM13: 0 | CN13: 0 | CO13: 0 | CP13: =SUM(CD13:CF13) -> 0 | CQ13: 0 | CR13: 0 | CS13: 0 | CT13: 0 | CU13: 0 | CV13: 0 | CW13: 0 | CX13: 0 | CY13: 0 | CZ13: 0 | DA13: 0 | DB13: 0 | DC13: =SUM(CQ13:CS13) -> 0 | DD13: 0 | DE13: 0 | DF13: 0 | DG13: 0 | DH13: 0 | DI13: 0 | DJ13: 0 | DK13: 0 | DL13: 0 | DM13: 0 | DN13: 0 | DO13: 0 | DP13: =SUM(DD13:DO13) -> 0
C14: TIJUANA | Q14: 0 | R14: 0 | S14: 0 | T14: 0 | U14: 0 | V14: 0 | W14: 0 | X14: 0 | Y14: 0 | Z14: 0 | AA14: 0 | AB14: 0 | AC14: =SUM(Q14:S14) -> 0 | AD14: 0 | AE14: 0 | AF14: 0 | AG14: 0 | AH14: 0 | AI14: 0 | AJ14: 0 | AK14: 0 | AL14: 0 | AM14: 0 | AN14: 0 | AO14: 0 | AP14: =SUM(AD14:AF14) -> 0 | AQ14: 0 | AR14: 0 | AS14: 0 | AT14: 0 | AU14: 0 | AV14: 0 | AW14: 0 | AX14: 0 | AY14: 0 | AZ14: 0 | BA14: 0 | BB14: 0 | BC14: =SUM(AQ14:AS14) -> 0 | BD14: 0 | BE14: 0 | BF14: 0 | BG14: 0 | BH14: 0 | BI14: 0 | BJ14: 0 | BK14: 0 | BL14: 0 | BM14: 0 | BN14: 0 | BO14: 0 | BP14: =SUM(BD14:BF14) -> 0 | BQ14: 0 | BR14: 0 | BS14: 0 | BT14: 0 | BU14: 0 | BV14: 0 | BW14: 0 | BX14: 0 | BY14: 0 | BZ14: 0 | CA14: 0 | CB14: 0 | CC14: =SUM(BQ14:BS14) -> 0 | CD14: 0 | CE14: 0 | CF14: 0 | CG14: 0 | CH14: 0 | CI14: 0 | CJ14: 0 | CK14: 0 | CL14: 0 | CM14: 0 | CN14: 0 | CO14: 0 | CP14: =SUM(CD14:CF14) -> 0 | CQ14: 0 | CR14: 0 | CS14: 0 | CT14: 0 | CU14: 0 | CV14: 0 | CW14: 0 | CX14: 0 | CY14: 0 | CZ14: 0 | DA14: 0 | DB14: 0 | DC14: =SUM(CQ14:CS14) -> 0 | DD14: 0 | DE14: 0 | DF14: 0 | DG14: 0 | DH14: 0 | DI14: 0 | DJ14: 0 | DK14: 0 | DL14: 0 | DM14: 0 | DN14: 0 | DO14: 0 | DP14: =SUM(DD14:DO14) -> 0
C15: ROSARITO | Q15: 0 | R15: 0 | S15: 0 | T15: 0 | U15: 0 | V15: 0 | W15: 0 | X15: 0 | Y15: 0 | Z15: 0 | AA15: 0 | AB15: 0 | AC15: =SUM(Q15:S15) -> 0 | AD15: 0 | AE15: 0 | AF15: 0 | AG15: 0 | AH15: 0 | AI15: 0 | AJ15: 0 | AK15: 0 | AL15: 0 | AM15: 0 | AN15: 0 | AO15: 0 | AP15: =SUM(AD15:AF15) -> 0 | AQ15: 0 | AR15: 0 | AS15: 0 | AT15: 0 | AU15: 0 | AV15: 0 | AW15: 0 | AX15: 0 | AY15: 0 | AZ15: 0 | BA15: 0 | BB15: 0 | BC15: =SUM(AQ15:AS15) -> 0 | BD15: 0 | BE15: 0 | BF15: 0 | BG15: 0 | BH15: 0 | BI15: 0 | BJ15: 0 | BK15: 0 | BL15: 0 | BM15: 0 | BN15: 0 | BO15: 0 | BP15: =SUM(BD15:BF15) -> 0 | BQ15: 0 | BR15: 0 | BS15: 0 | BT15: 0 | BU15: 0 | BV15: 0 | BW15: 0 | BX15: 0 | BY15: 0 | BZ15: 0 | CA15: 0 | CB15: 0 | CC15: =SUM(BQ15:BS15) -> 0 | CD15: 0 | CE15: 0 | CF15: 0 | CG15: 0 | CH15: 0 | CI15: 0 | CJ15: 0 | CK15: 0 | CL15: 0 | CM15: 0 | CN15: 0 | CO15: 0 | CP15: =SUM(CD15:CF15) -> 0 | CQ15: 0 | CR15: 0 | CS15: 0 | CT15: 0 | CU15: 0 | CV15: 0 | CW15: 0 | CX15: 0 | CY15: 0 | CZ15: 0 | DA15: 0 | DB15: 0 | DC15: =SUM(CQ15:CS15) -> 0 | DD15: 0 | DE15: 0 | DF15: 0 | DG15: 0 | DH15: 0 | DI15: 0 | DJ15: 0 | DK15: 0 | DL15: 0 | DM15: 0 | DN15: 0 | DO15: 0 | DP15: =SUM(DD15:DO15) -> 0
